0.49459485381188506,0.8586229092394995,0.5938850133114019,0.7327528946165998,0.6390088332765722,0.0,2.0
0.37303138706926237,-0.4763600416331809,-1.2970307944983188,0.15375747501715742,-0.5733080681522406,1.0,3.0
0.10172649584947636,0.5515978215411533,0.30209682175156,1.0604641801977965,-0.6615077049518403,1.0,1.0
1.1710632049684897,0.2934786078113353,-0.2946164788250748,-0.41986504733894114,-0.9083832722528247,0.0,0.0
0.010520931763912651,-0.8551844441164018,0.05464474426713666,-0.5189931592459296,1.0289595747506055,1.0,1.0
1.1972143196365608,-1.8561374747155428,-0.9225333281088832,0.4724005584257657,-0.32849110809129384,0.0,0.0
-0.7606887315316339,0.7459873132016537,0.365149263188312,0.8373252875353508,0.732238920291621,0.0,0.0
0.30982155570227055,1.1959090902577685,0.15655890906879885,1.5150670801941322,1.1083352491643625,0.0,1.0
1.2938771323874567,0.8194342600976948,-0.5225138003329628,-0.9709611881592345,0.03378622850175424,1.0,2.0
1.186519474073397,-0.39001372463789596,-0.03408882520486945,1.3640552932162,1.4925337162243824,1.0,1.0
0.3095765426328033,0.32560150006219624,-0.6632997143180314,0.4972504062607375,-0.09888283606325095,0.0,3.0
0.04628536177708824,-1.6508425139847678,-1.8297065875094787,-0.44710422850568415,0.06667662154261983,0.0,2.0
-1.3716868334324601,-0.7475964943050721,0.9548894444535966,-0.4958195777532245,0.3080117505376649,0.0,2.0
-0.26219126661992415,-0.7495271284473106,0.41205791640264466,-0.591493669317075,1.4996597038862989,0.0,0.0
-0.9910074487064521,-0.9017792037663586,0.4636553475203147,0.7926452260136384,-0.17453104547931445,0.0,0.0
-0.5940924568999018,-1.6295576033485535,0.9885160720712938,-0.18483740904811083,0.5730256984693071,0.0,3.0
1.8035275851033996,-1.1995809937921933,1.4418166622725492,0.390972973889314,0.10123353562188345,0.0,3.0
-1.3776116920335233,-0.40166859828930374,0.4633504027395388,0.3210055131095773,-2.4616976945698923,1.0,2.0
0.08794805695055469,-0.11927781123807626,1.36163295131902,0.22555403868373206,-1.536042037107318,0.0,2.0
1.2207773113950777,-0.23721746533059096,-1.0158266355721692,0.8316560490994127,1.3816123743120396,0.0,2.0
-1.0268259010419827,-0.586455620966832,0.6544475175753259,-0.5600204270190959,-1.792074657859762,0.0,0.0
-1.0616766199029812,0.016982388149346543,-0.9131941987264833,-0.2691359699979446,-2.098610155413308,0.0,1.0
0.417994882546783,-1.0155697244084232,-0.7867540052989631,-0.42570168472909287,0.669357811336104,0.0,0.0
-1.236098868553671,0.04831524744906671,-0.20957631456613612,1.640286161578821,-0.9784502358434775,0.0,1.0
1.2924240861943308,-0.141301868015044,-0.3841422219380935,-1.2801541411592265,-1.0285123683029163,1.0,2.0
2.0793382118571615,-0.03270684960180799,0.7877436617240644,-0.47464467260305326,-1.1453204767445662,1.0,2.0
0.8177970104266009,-1.2294110303415031,1.22729414640926,-0.07747102227330298,1.8034137525503284,0.0,1.0
-0.9095919889209758,-0.9515552956620887,0.11143557430380364,-0.10094601283496152,0.1700210126292359,1.0,2.0
0.7578466308276279,-1.4126031874653424,-0.49945166272795394,-1.3293000683583214,1.7954660041061647,0.0,3.0
-1.2500146603322275,-0.20882149205504696,-1.7719629919968976,0.7150559157339583,0.8754772772189173,1.0,2.0
-1.2600767834244844,2.2118509954771373,-1.0836824534744232,-0.18978406026422887,0.5461178741331268,1.0,0.0
-0.9112718182176508,-0.98120175486185,-0.9209254058917589,-0.16233112263392677,-0.07130530853762822,0.0,2.0
-0.774561160831854,0.13539243424239367,-0.9428664161271318,0.4154985259210004,-1.130746589807947,0.0,1.0
-0.8966873187231743,-1.454402718997446,-0.5242828806135189,-0.6216908470225275,0.7969518959175846,0.0,3.0
-0.41212176149544016,-1.7413856015919182,1.4476469389798983,-0.5759193355977461,0.5125318209872355,1.0,3.0
1.523516822200915,2.3413604407439297,0.556679490328976,-1.4572255915974575,-0.3342897035080444,0.0,1.0
-1.4448947200118538,-1.0917888887747387,1.617750998850409,0.2725202846273785,-1.3093718301045574,1.0,2.0
0.17696995147441363,0.468739381216848,-0.513981299767636,-0.7775498413040433,-0.24368900985258415,0.0,3.0
-0.4843898880773441,0.09076009955506022,-0.9562427559754951,0.20534849873044214,0.37689914875626646,1.0,3.0
0.2663740664822253,0.3010913227488147,-0.8273535990709877,-1.4449439514615252,0.452137762529309,0.0,2.0
-1.7684677230239836,0.27892606577788054,0.4092467677853259,1.9558482836574689,0.30613353706937785,1.0,0.0
-1.3130592105134713,1.1951894647367447,-0.020919746115394326,0.33577662256220314,0.2128161928346376,1.0,3.0
0.6994664224453649,-0.10313460972881756,-2.35577251749216,0.3870040858219541,0.10133698174170652,1.0,1.0
1.020023168711679,0.7100047239211377,0.04203175468679722,1.465343534671642,-0.6768071029073593,0.0,1.0
-0.5808210977543734,-1.3390745764434733,-1.042437665152382,-1.242890727053403,-0.41389637763010845,0.0,3.0
-0.18602033813462637,0.1522612939575388,0.591133796019012,-0.5150859333405031,-0.388955131203167,1.0,3.0
0.6021644308904225,0.8315643755299228,-0.549645432336223,1.4356821158504431,0.5470321459805181,0.0,3.0
0.8965941370596683,1.89501001293234,-0.6986628766181538,1.284024460816984,0.005319145576375303,1.0,0.0
-0.13788745514444203,1.1050849968248213,0.15022550467253615,-0.5989223109888894,-1.868533302405415,1.0,0.0
-0.2471742252209387,1.4654153077154168,-1.7961783365889632,1.4639552554067514,-1.4005094504648108,0.0,1.0
-0.8000979573384128,-0.45120971454520187,0.21539133361633464,0.432101307999975,0.2616910308822312,0.0,0.0
0.9672445163273821,0.8688665557765997,1.0103831934556218,1.509700307609438,1.3587109021107453,0.0,3.0
-0.38230451586876146,-0.8379050697622789,-0.41258062563360975,0.31943746672115947,-0.6189245407855444,1.0,2.0
0.09434366669405814,2.4926496094517328,0.7860818009844491,0.3852108868767982,0.8426048005420779,0.0,2.0
0.9878353692495638,0.2630109040378484,-0.2933781660832668,-1.0964396898645388,0.4041858706274192,0.0,2.0
0.09350640104303931,0.012028494766173594,-0.1885680329314082,1.0342457275443462,-0.23310900143473298,1.0,2.0
-1.9914695594604268,-0.7330302245650038,-1.4206635584164473,0.7476725287443973,1.670256969073513,1.0,3.0
-0.8677493936293307,-0.43567608086775106,1.2963062245262353,-0.35977559948090104,0.27794792475377794,1.0,3.0
-0.3133167697710053,0.3863652763159194,-0.82893958131812,0.8139525549965269,-0.08733143997304203,0.0,3.0
-0.364721042637332,0.8022715971463098,-0.5627761149017004,-0.22086925500187224,0.4493171872971896,0.0,2.0
0.39494951557378444,-0.5113919728047884,0.3685580917173917,0.026710670209009694,0.7146901064910759,0.0,3.0
1.477094766840793,-0.6169808681951731,0.4411199717150857,0.36072982543381427,0.7516766054701373,1.0,3.0
0.8347806733913294,-0.6425172510866369,0.8122508404484701,-0.18307655014753163,-0.6013336332614779,0.0,0.0
0.18474122284210262,-0.04796694741903077,0.2564371428169062,-0.6879656513792003,0.23091495019397468,1.0,1.0
-0.7926713126508531,-1.4125316781721082,0.6597254223387664,-0.14056655210363592,1.2558660262528185,0.0,3.0
0.8757079256588809,-0.1888581031681021,0.20761534179275976,-1.857868909035645,-0.2036145516626363,0.0,2.0
-0.39873293943930427,0.8814281721979118,-0.2728666521607291,-0.45076259361357063,-0.10846308797440604,0.0,3.0
-0.33010654326584454,-0.06428378247902784,0.02048082709393992,0.9479643804086159,-0.3870513108090817,0.0,1.0
2.3859692891274618,1.2319785504890781,-0.6121613661879064,0.0871091246903403,0.27192829594615187,1.0,2.0
1.1973029948334395,-0.8406207821488175,-1.6605185099310142,-1.4250022023966669,-0.4235921661194347,1.0,3.0
-0.4100693524302796,0.35670707468363483,0.41932853381892926,0.12025608366896653,0.24016879931720608,0.0,2.0
-1.5642406792600405,0.003435633139527248,1.478132212671025,0.6004737388069681,-0.9699460596181495,0.0,3.0
0.6014716241659144,1.2443561321426957,1.0394522125997385,-0.06330173962326448,-1.6106043260019756,1.0,0.0
1.2379088584226854,-0.6565638517653074,0.30255585658235085,-0.5981327269752098,0.8215887144277402,1.0,1.0
-0.044218126769966386,0.3135135129230472,-1.2216779520782566,-0.05621998492716773,0.19719283140012547,1.0,0.0
-1.138915968984891,0.36094143608685875,2.1638619188543826,1.3713715865135196,0.6183231334435341,0.0,2.0
0.5032756702752524,-2.433378961407901,0.7681528770976368,0.24335545326066207,0.31615701442207267,1.0,2.0
-1.4214800519618378,0.4279923877279155,1.1605582568698274,-0.37128320015425087,1.1656079157461785,0.0,3.0
-0.3261209518859988,3.0954607809342725,-0.2577964994570283,-0.4416975873808044,-0.2147341220044496,1.0,2.0
1.2228754034541978,-1.1329561503819943,0.24705368842728265,0.848363269635757,1.2664030777024926,0.0,1.0
0.71339880932312,0.8925678418141995,-0.8285067625625703,-0.26649578187580686,0.49132278043880484,1.0,1.0
1.4156891979176125,1.2944187757060734,-1.6325314303316576,-1.0874763435994026,-1.9554537044574487,0.0,1.0
0.2881800746271464,-1.4466134438173681,1.6973780783782755,1.0411124477615152,0.9897215478302865,1.0,1.0
0.4459913659469772,0.36905450597378314,0.20949844628485384,-1.5529404014725554,-0.7669745739729862,1.0,0.0
0.9902565893425936,-0.8993994067826528,1.6213804104812974,0.46687645328230687,-0.24599764601931523,1.0,0.0
1.3611916712553305,0.6467725193638357,2.1754147316453794,0.4385368590582622,-1.113012763357952,1.0,2.0
0.32684386327383036,1.043002260177757,-1.2003951830074864,-0.42719183465988403,0.06126724874956148,1.0,1.0
1.1014931481152963,-2.233960888925513,0.4318426246928916,-0.39633232536162816,0.38791339937804165,1.0,2.0
0.44817690921131415,2.287019159983468,0.23636311081733585,-1.093805010536231,-1.0370924397220713,0.0,2.0
-1.1705222391028882,-0.4535637351298459,1.0485744796496965,1.0247358239268456,1.4392978126596465,0.0,0.0
-0.16307668601853653,-0.20704782205171504,0.03051986005621071,-1.5354089536474969,0.008137930645273028,0.0,3.0
-0.700669148093059,-0.6523529811895206,-0.5383601589655151,0.2274577906135037,-1.0546612176017696,1.0,0.0
-0.900937894373089,-0.3279325875696617,-1.2437100520650772,-1.3008563979988241,0.9668120120907697,1.0,0.0
-1.4049990085992032,0.11098185657612453,0.7004800167336669,-1.0571576581396747,1.3271702591295398,0.0,0.0
-1.0610063610102638,0.6004784792871283,-1.105440187865835,0.0981218363498431,0.6483463277661813,0.0,3.0
-0.9815483497389833,1.1119985388992197,-0.35803631772840333,-0.3094912456966675,0.7051558540993162,1.0,2.0
0.3703669043183512,0.9694207567707793,-0.18500110958730812,0.3750444974799699,-0.6633628445760777,0.0,0.0
-0.06601226069698411,-0.3824874146533203,1.0909239725554924,-0.027627381129431427,-1.9083267791720278,1.0,3.0
-1.3617943893137248,0.6058862551475676,-2.132871879433866,-0.9936488476970061,-0.2575926305442438,0.0,0.0
0.2565647525875341,-0.8413828759441953,0.47485877361558754,-0.8695137717812002,-0.43161321838288874,1.0,3.0
-0.8381346474834571,-1.2396178209659132,-0.9259806189661526,0.3757889763025449,1.0368754867308478,1.0,2.0
-0.5451131786070992,0.3181485789986575,-0.6861131100042083,-0.33713364225906245,1.6731742995990608,0.0,2.0
-1.3421138056545319,-0.05931433281479443,-0.8895697830154496,0.9898875833994857,0.22703180254023184,0.0,1.0
0.7355787727131291,-0.9041042363846753,-1.1650698481201816,-0.05212808239744317,0.4745177989061896,0.0,0.0
-1.2765193678240085,-1.6409724558614107,-1.5204505186144073,-0.29959087158401554,0.9144836587520178,1.0,3.0
-0.2850239410977291,-1.2892786946081107,-0.1075649434401139,-0.501278793601156,-1.5155790144435208,0.0,0.0
-0.2900643107081198,-0.29832041087187894,-0.3067342431390707,0.23093286956303966,1.279339506173077,0.0,2.0
-0.007451770786499108,1.1214052571140518,-0.5943059131441895,-1.5432045523500975,-0.8634179222754929,0.0,3.0
-1.4465568086900247,0.5887447102342338,-0.15242560038632438,0.09221707028137212,-0.5762752102245686,0.0,0.0
-1.097409776108367,-1.1661794201822326,-0.9232945097080102,0.15469814298429485,-0.6082118330154965,0.0,2.0
-1.691622598047627,-1.4771232906949805,0.531486125483491,0.2541784535724,0.2750263575544051,0.0,2.0
1.5940810279836015,-2.415066295787594,0.841167576292737,-0.49594441406683937,-1.122821902913004,1.0,1.0
-0.9247038891363049,0.4378960234379077,0.9359950801920995,-0.46388794190004073,0.0966485749281486,1.0,1.0
-0.1941656915237044,2.6894024593044774,-1.350256683771391,-0.6358449736026796,0.3416996177367372,0.0,3.0
-0.5820463498764807,0.09660684059650707,0.5534397421132303,-0.37949032963850543,0.22710679223867747,0.0,3.0
0.10271883363654306,-0.1789826212103716,0.677614788490221,0.40067862824320527,1.6436960089828498,0.0,2.0
-1.05330020724102,0.18611641390238234,1.2551255778449903,-1.053473996782108,-0.5084318889932873,0.0,0.0
-1.2727353467672733,-0.8592516347052312,-0.8178666421969496,-0.47212788232913955,0.8652178671388223,1.0,3.0
0.2682850848345337,-0.8476407422443675,0.04739152063303536,-0.07416436114850697,-0.039762330500387515,0.0,3.0
-0.08467329960325562,-2.3567045305455356,-1.4209153029231458,1.4623708240007027,-0.8645159039319927,0.0,1.0
-0.048742507967519846,-0.7565617477173984,-1.4238533613897786,1.6403201055556786,0.37184970954811025,0.0,0.0
0.05914483288195167,-0.11463911082603814,-0.9221767745560477,0.22476941391417185,-0.0023597233068766137,1.0,3.0
1.4868832866169444,-1.131271447352607,0.07894105911615797,-0.4477527558476939,-0.3055573569789231,1.0,1.0
0.2762827818141428,-0.5051946442435549,1.3302337471281547,-1.0910832647377753,0.8029235737150632,1.0,2.0
0.10184209507380426,0.25340296493379044,1.0659609220136879,1.2349298749890145,-0.376452072422384,1.0,2.0
0.7499744092306969,1.5155245782139966,1.636603261863666,-1.052119720026003,0.18638797220623732,1.0,2.0
-0.6169543647195915,-0.7032453838878782,0.7177392244270392,1.0515807552559968,-0.4998796648167901,1.0,1.0
0.9688778186158185,-0.03807930104778545,2.1383024737078284,-0.059385553095947174,1.233524824512276,1.0,0.0
-0.5052817733625964,-1.6786038585591994,-0.7103754337473135,1.4950893954633735,-2.4550294152719316,0.0,0.0
1.3714692103671706,0.2965437986849736,-0.8855789475634149,-1.4959996163984484,-0.014683689978839369,1.0,2.0
-2.4281464122404595,-0.5941473252170305,-0.37655918456689835,-0.2572414542395902,-0.11514401046329611,0.0,2.0
0.4516105237167174,0.0036277240903464913,0.000701216822341164,-0.32281596312214905,1.073736782327603,1.0,2.0
0.6720021427262383,-0.46403852863170286,-1.41542345571875,-1.5437055494268717,1.0284769660376993,0.0,3.0
-0.05805215351607312,0.9535619989809712,0.7636801013470423,0.01254277021101339,-1.4437673663398383,0.0,1.0
0.860184504536552,0.4246122150823892,-0.09725206312839327,-0.39112646105742743,0.2032361521400345,1.0,1.0
-0.6607126212928339,0.3312323815160116,-0.7137525709071272,0.38702001819683496,-0.5603415805323062,0.0,3.0
0.24943775689039427,0.0034151911052408106,0.7415495512603676,-0.4368727399108203,1.2583495483944473,0.0,3.0
0.8837255689279514,-1.5367273128121615,-0.16240302959577763,1.0931145414740358,0.8764870332387128,1.0,2.0
-0.17244532987893044,-1.3067270695922255,-1.1324475834113774,-1.0434484967858813,0.7935471426901644,1.0,1.0
0.5525439514324608,0.737433017719921,0.14718689228559523,-0.5643035841757373,-0.25494230227038106,0.0,0.0
-0.4882904159404418,-0.14207920927548612,-0.493930614051917,1.0758461821365035,0.1308160519897377,0.0,3.0
0.7424933623855873,-0.9156138880486474,-0.5361467797395126,0.9294663582132685,-0.45966446723276433,1.0,3.0
-0.6871651054584318,-0.5842384497264141,0.16835172607801036,1.3691670479675278,0.19127783703144058,0.0,1.0
1.1119855346936842,-0.14797029544964954,2.4996511033217867,1.0620476584800804,1.4939436333140155,0.0,1.0
-1.7680525087043195,-0.5259524502146783,-0.5241817344757275,-0.1246840276275606,-0.5490207085003365,0.0,2.0
1.7200777642102851,-0.3043696294365739,0.2230210896951456,0.0655595948525258,0.1880795819383375,0.0,3.0
0.396958095920546,0.4064971405723271,-0.7075095493958652,-0.7797602797163431,0.989029821272252,1.0,3.0
-0.7146773968073135,1.2549042159814308,-0.430383261830662,1.0598867419018791,0.9008171628219468,0.0,2.0
0.23218594789767913,-0.7091793820239265,-0.3446594404505521,0.10388924409901168,1.6078790788132287,1.0,3.0
-1.913293091406164,0.5033572464647396,-0.7026141028779042,0.9515794889866107,0.12820509216635492,1.0,1.0
-0.41803651786866153,1.4470193121621397,0.8804341497903369,0.6565562870325041,-0.641440853937493,1.0,0.0
0.38188627088595173,1.2572148423239755,-0.5544985366699844,-0.050416262699230836,-0.2853659189078024,0.0,3.0
1.2485546485384111,-0.5088411343204787,0.11154312065841064,2.7092394829503608,-0.8835816567417116,1.0,3.0
1.995982879978226,0.07233345307290463,-0.7805884423036898,0.8605668377698686,-0.12657637068230346,1.0,0.0
0.06515347224712432,-0.07860559156233626,0.9179829523080378,0.17377649906202053,0.9129349941542143,0.0,2.0
-1.8392189054509311,-1.6326753779396956,1.5165832968920503,1.4556234536396195,-1.3633890411989786,0.0,3.0
0.5970814112042397,0.5163786363806372,-0.5778010559636167,0.14966783770530512,-2.663667246014953,0.0,2.0
-1.6957183018596287,-1.0204480501534943,1.544308029381695,0.280213648438151,1.756921928907195,1.0,1.0
-2.3600651658376095,-0.4661847366374918,1.343018061716483,0.24702701364536436,-1.4112245346177485,1.0,2.0
0.06777572425114352,0.9895999774780282,1.0617820220861685,1.2504187334995192,0.8229487612536486,0.0,1.0
0.005238741423608733,0.5491031957269944,-0.36790472781796435,-1.3390439575971693,0.8292782483680866,0.0,3.0
1.3919284359649267,0.5657576827267453,0.8922194968819102,-0.03641795795236433,-0.005522928533342897,0.0,1.0
-0.1076535398506952,0.5826066930921654,0.6325416145308527,1.5711935994973876,1.1971204161869622,0.0,3.0
0.7753794339193661,-0.9512119785404858,-0.1868108368760503,-0.6627757447709209,0.33548884952149005,1.0,3.0
0.057167475352766145,-0.017916244753547417,0.2583704539707614,0.777213740671715,-1.2170647012959328,1.0,3.0
1.5656934266798743,0.20780290999637466,0.9432030816509548,0.9529779904520125,-0.7480810053442928,1.0,0.0
0.026031807522253,-0.2942128393398385,-0.6201327938752351,0.8793377044595447,0.5825888280651014,1.0,0.0
-0.6429547793024668,-1.6160866097374738,-2.4861042068715506,-0.05686126148357065,-1.8324813007602803,0.0,1.0
0.2238566549663798,-0.6979388823833026,-0.18070889623385739,0.3374903583059054,-1.311767932966669,1.0,3.0
2.0443723379925105,0.261804567606337,1.001316139854614,-1.8540184647446853,0.6304572573099804,0.0,2.0
-0.3838150033721708,0.3177666124636544,-0.3300659053601889,1.5141105161941213,1.392431705468661,0.0,2.0
1.9338557413624038,-0.20895485728241442,0.41033726041272794,2.134042853920062,-0.2549360683598137,0.0,2.0
1.1403756887190932,-0.5850466564326336,0.06385847721034495,-0.2587997032178831,-0.3775323196247371,1.0,2.0
-1.697695440983891,0.316566169121004,-0.7483227466913636,-0.5014474996777464,-0.7219828465864068,0.0,0.0
0.7493644765017609,-0.11356859202893926,0.10426096486231212,1.3359674103996444,1.4176781503951783,1.0,1.0
-0.9562721507514625,0.4582101110599863,0.5665675289026927,0.1452200344398715,0.22396222212007919,1.0,3.0
-1.3258110118344966,-0.4310668210127861,1.058555742747846,2.381942320534594,0.18736637245566043,1.0,2.0
-0.6240314920873479,-0.9127076082802608,0.9778618560490312,1.0166880249283348,-0.5806603109902022,1.0,3.0
-0.8649470734299531,0.8959483196271077,-1.3179844163772154,-0.9186597189630705,0.7989961181864506,0.0,1.0
0.9512061953475779,-0.1216101078314802,-0.49540299354778516,-0.27449555032793543,-0.26813798556494045,1.0,0.0
-1.9117955757124356,1.18162874821574,0.2938906715537101,-1.8595504791790085,0.16965212650215986,1.0,1.0
-1.5829055461055408,0.7188909237503438,0.9163587788947256,-0.752151540082503,0.67720996154053,1.0,2.0
-1.4204773915429367,0.1398839045939614,-2.080222722217753,-0.34687342864760945,0.2587372003570485,1.0,2.0
-1.5902477129237376,0.639171030581062,0.4694675135535349,0.89128197708434,-0.6206076632428219,0.0,3.0
0.6417541196590028,-1.8425573737815255,-0.9263010788272523,0.67112210591992,0.9014449224906813,1.0,1.0
0.2606365346209427,0.325973285276382,-0.8464284717649291,-1.6437313711543904,0.3199792112763902,0.0,0.0
0.07980195316745603,-0.26585279910850773,-0.5873384197981022,-0.05549182426408155,-0.7234525462689583,0.0,2.0
-1.7833963320165847,-1.1122650394037055,-2.0502930697688284,-1.3086067370288699,-0.10172095839397198,1.0,1.0
-0.4772513613656765,0.5236598874080602,-0.4861052470362158,-0.2424509908620898,-1.0856397824308759,0.0,0.0
-2.317526099214449,-0.4350001229933697,0.25248692340197926,-0.8260899313312676,-0.4004909570096319,0.0,3.0
2.0019327108313747,0.2527064153077622,-0.7909602626266191,-0.24524241999939253,-1.6965647119315748,0.0,3.0
-1.1793951258568194,-0.36309322291582014,-0.18847217736315647,-0.12417375789691477,-0.23638758352501965,1.0,0.0
-0.05251775740553701,-0.4942177480535652,-1.1875384089413692,-0.96391601514607,0.5058298000775764,0.0,3.0
-0.24120345378366612,-0.689270557571149,-0.4293981994127681,1.9062741939482395,-1.3700134649636921,1.0,1.0
-0.5051929367037434,-0.41070677991055676,-0.721911893527822,0.33511140456228405,-0.5818900900224939,1.0,2.0
-0.08301357762245684,0.5497664902998781,-0.4162847969507783,-2.470123135255617,0.2317409474221595,0.0,0.0
-0.948821780385117,1.1632740048808539,-0.5200975207983707,-0.4127943725805756,1.722385715914985,0.0,2.0
-0.6621930401638584,-0.38921054347567585,1.226339222545171,-0.5830957193830392,-0.09593396647687585,0.0,0.0
-1.5882468290646787,0.526586402673512,-1.1422157679650817,0.6764361083459369,0.8610321415152876,1.0,3.0
-0.6138324683322463,-0.5056451345389313,-0.28859980964559584,0.11058750625601818,-0.6929585634250228,0.0,0.0
0.6936077727495086,-0.46728441193678444,0.8462274583786207,0.009434242710684793,-0.8519791108717334,0.0,2.0
2.038726854430507,1.7827777308476005,-0.25346921625981583,0.4108938805438922,-1.5986916480682904,0.0,1.0
0.4970754756495674,0.6216657606298405,-1.4709417685468582,0.9514805016266544,-1.0366822424543254,1.0,1.0
-0.2447456363062755,-0.5089133431785204,1.120099027592047,0.6609406796664992,-0.03172178728167579,1.0,3.0
0.8106554099043494,0.3869213040186399,0.9869161769255488,0.7229855298359787,0.5415649580037012,1.0,0.0
-1.8988268031065612,-0.4186801562243907,-0.4335007485159051,1.172357100340149,1.8290054124290442,1.0,1.0
1.31107645390417,0.7110700250311207,-0.5227067985005296,0.17572853201590893,-1.421955643834172,1.0,1.0
-0.20259782901819723,0.04831496195922055,-1.966522948404718,0.8121681102812609,2.0968282819935475,1.0,2.0
0.8440035970841706,0.1677435037282826,-0.9199962717758763,-0.020373078407436292,0.6374943637551203,0.0,1.0
-0.21773761035653516,-0.3139675150877891,-0.6321660094654631,-1.0107120373181084,0.5888997523498419,0.0,1.0
-0.7848171801329247,1.1469262007319863,-0.5856120568568267,-0.1867110273931547,1.7818431086411537,0.0,0.0
1.3396099748237054,0.13561784653880293,0.7658001280493005,-2.188773077792881,0.17872292312120178,1.0,0.0
0.7455282524431911,1.0740232799924225,-1.1980877450718548,0.46930440102642584,-2.4224625441414203,0.0,1.0
-0.4625842642765877,0.355114660048611,0.909199689164946,-0.21168599990347947,-1.1129814122890769,1.0,3.0
0.7302003900619749,-0.3129264947699133,-1.1525907349523297,-0.8334414677813542,0.51594773048281,0.0,3.0
-0.9589993896554885,-0.19835332909995929,0.6171243099746974,-0.17967327231851535,0.4900554929326523,0.0,1.0
0.5173346592186387,-0.979057283949682,-0.12185008405549051,-2.1065760396744633,-2.8681098869474493,0.0,1.0
-0.10100293086093544,-0.18314502348479067,-1.06308785590226,-1.6865290864308342,0.43506583905000973,1.0,2.0
1.7079149227102404,0.012153986599122854,0.46182869711830954,-0.5992333334523089,-3.4877910360896154,0.0,2.0
-0.8498986974136724,0.178060789839182,-0.8926708587868873,-0.08633225349296525,-0.493049552774746,1.0,1.0
0.6362130949452824,-1.8565152095874273,-0.3080543669295334,0.3757088960527026,0.7154555007416175,1.0,0.0
-1.096050093358611,-0.8718962427572554,-0.0061546703420787136,-0.6956491812486856,-0.11130990172255638,1.0,1.0
-0.7829173272629759,0.4454117874781686,0.732307819191987,-0.11379611699193426,0.542170036266709,1.0,0.0
-0.19627540992156978,-0.2159422874529684,0.38616256002208443,-0.9909932705668292,2.3716157893973984,0.0,0.0
0.0607077340883237,-1.1188839206593275,0.7504851652603325,-1.2418962263825273,-0.6527267360394758,0.0,2.0
-1.0259094376854185,0.3317179693740444,0.1539841545454462,-0.21504499488969955,1.1014041459961426,0.0,0.0
-0.2507369977561519,0.7252691031596311,-0.30493993616434595,0.12980752184501107,-2.119271120879491,0.0,0.0
-0.5792052612971483,0.3058663378875358,-1.0385459368592902,0.030828157901724648,-1.0927602346925382,1.0,0.0
-0.8353294007514834,-0.10993517786938542,-0.3633962389259704,-0.10842315232628234,0.5727816585151262,1.0,0.0
-0.4577641057036878,-0.4229310087168577,1.5636752817895694,-0.19660973678106036,2.1314525480879456,1.0,1.0
0.44621633749052736,-0.06474764802745495,1.5530249730102328,-0.30340316302598375,0.5481264812605702,1.0,0.0
0.544730161909542,0.7314768642000535,0.6136591887740652,-1.4572967086530566,-0.31392380477447884,0.0,3.0
0.3431001138047968,-1.3754607721818775,0.7502607855722,1.192321264661807,-0.1657997816201639,0.0,2.0
-0.5050106847009932,-0.43455744371505894,-1.153296419599159,1.4659108853360512,-0.9315244486554672,0.0,2.0
0.00907150402850434,0.7677284340712719,-0.8743731103866076,0.015498954092083394,0.7386627093458537,1.0,3.0
-0.7737960527586282,1.3618103540517166,1.381379189070341,0.18490000290195396,-1.9938876616768042,1.0,1.0
-0.5591952318395046,-1.6626972465250376,-0.09637636752841808,0.9747307151101313,1.8183828040437044,1.0,3.0
0.0811875491666425,1.3157944518691413,-0.3334590975677524,-2.236261601354357,-0.47629535705890164,0.0,1.0
1.225009470529492,-0.07079547134864717,-0.08200362644278233,-0.30428098656535707,-0.19827860887660623,0.0,3.0
2.3928036239003188,0.7438049642687197,0.48029468676205483,-0.14994852498236344,-0.45710947125597323,0.0,2.0
1.521677169568823,0.11253439130327159,0.6062463826546128,1.821546535449892,-1.5684547553443473,1.0,3.0
-1.1855471756982032,1.1354503564333849,-0.14556447827819158,-0.6430395830643532,0.23180205269912108,1.0,1.0
-0.4030416961576294,-0.6078732333848111,0.49246286093715375,1.1408865848307994,0.9694107515885234,0.0,1.0
-0.11533555087718492,0.10178056398433552,-0.1775269282909847,-0.1522713083058125,-0.635911206802189,0.0,0.0
0.7788233367186427,1.1626126381288755,0.10004887579337791,-0.45029926876187487,0.07108574225701964,0.0,0.0
0.9553607773533014,0.0569449131031871,1.516721702825459,0.33367844970207755,-0.38000989082728526,1.0,2.0
-0.11875141914027701,0.16523242802385008,0.409402354471628,1.0949512177391507,-0.21024610980878122,0.0,1.0
-0.48283823692065136,-1.0997041225839963,-1.3285206483336816,0.05194311864348875,0.5755300932986839,0.0,1.0
0.6275490436240801,-0.5567608339081294,1.0836902282584728,-0.4110506228889446,0.733247191489301,0.0,3.0
1.1932779410834082,-0.435181388457548,-0.5046281744094697,0.07711609226268654,-1.2809431242961196,1.0,1.0
-1.263529204092246,-1.7199370387085768,-1.8067099816123497,0.03439583623255923,-0.400746612960338,1.0,1.0
1.2166546260596602,0.2948195583623017,0.8370854229069331,1.8346697975317547,-1.23648479075963,1.0,2.0
-1.1363077161205424,-0.41398823920210753,1.160543144060716,0.20260060694565682,-0.05804146984629253,1.0,2.0
-0.6701713321993986,-1.4971435827092459,1.0362597256971757,0.9622779370371934,-1.4159600511199713,1.0,1.0
1.9795481924168332,0.2977750064186082,-0.4810896702417757,1.4332050945670576,-2.177032432797212,1.0,3.0
0.01809949434513467,-1.727935478028555,-0.663670845287115,-0.6524554959687133,0.6106241417952378,0.0,0.0
1.8793888582746399,0.5484271326243336,-0.20333543952405103,1.4207206415243538,-1.0528852232522354,1.0,0.0
0.8090724857745204,0.10789628400686048,0.10027357929452825,-0.2692317606063525,-0.491959955797641,0.0,1.0
1.124024801835781,0.8297101046683031,-1.8251390762679995,-0.18662902742955556,-0.45292053373840746,0.0,2.0
2.3793850926571776,-0.0967621003639989,-0.6760682979373643,-0.16422541401266727,0.1367878207014908,1.0,1.0
0.618503198604831,0.9610584638985287,1.172169917179019,-1.5826426352186038,1.0644413726088897,1.0,1.0
0.6911027401372686,1.629587215422237,0.29560564673023104,-1.3936610759310257,-0.3683786816054273,0.0,3.0
-0.9204788074047984,2.0114890772145895,0.26138136570596027,0.8770541779642421,1.1243602142992637,0.0,3.0
0.054920856492950934,-0.2967216808088938,1.6232567008086507,-0.9179209023072521,1.8962237822514718,1.0,3.0
-0.6369940283934874,-0.5040248879347625,1.8019678605602698,0.48639509293521305,0.05952813799223099,1.0,2.0
0.38368071067714676,2.3264884279907694,1.9669993602028863,0.13579132550999193,-0.1000484568141534,1.0,2.0
0.3700868016313052,-0.0021536188953634777,-1.6593346973093455,1.3569256782334043,0.3817379600114219,1.0,0.0
-0.38027113961074516,1.0861947475642135,-0.4934115431798598,-1.0796479728215445,-0.24067502981279398,1.0,3.0
1.952657431686099,0.4521910182076227,1.000574753946837,0.007833438205416892,-0.3246901710877176,1.0,1.0
-0.8217628341214928,0.6761755531135464,1.0906668489007836,0.1658591729438134,0.5895704776053415,0.0,2.0
0.3554365112954273,0.6314920140033272,-0.613734257063377,0.08708360662487412,-3.245404967612919,0.0,3.0
-0.8816241324159818,-0.7027318939048915,-1.1454387436646793,1.221211476311117,0.4385710141463505,0.0,2.0
-0.9855225235036811,1.3333281206065972,-1.4641676384930304,-0.08357060692738894,-0.01849908553275817,1.0,0.0
-0.9472182159887823,-1.3537516743335292,0.4536671593048057,0.31823793876015305,0.7433425813699873,1.0,0.0
-1.1264120895368652,0.17592951429169199,-0.24310764909412644,1.2511323546757767,-0.5992229370969787,0.0,0.0
0.15033490780529724,1.2842241742090232,-1.0281701528352731,1.3849629021181893,-0.16408374159434602,0.0,2.0
1.2954309623183873,0.9434926911560803,1.0206574200385217,0.8330848899000206,-0.40553701508981643,1.0,3.0
1.0222517130211757,-0.060563409968560925,0.42065153352179735,0.5823446448302573,0.17947248253011872,0.0,1.0
0.5062671339253354,0.5317984334031206,-0.09813956924857128,0.16854603564625845,-2.0414743794067056,1.0,1.0
0.3715933095482767,0.8322681564060379,1.0026819293821085,-0.2651907283135625,0.3230395147486549,1.0,2.0
-0.18516558359080776,-0.7079076364468493,0.7949663251509425,0.4504291459933278,-0.018125541920107603,0.0,0.0
-0.8309561314617727,0.6946472489098223,1.7505119691463678,0.8246509402119551,-1.0043119304204702,1.0,0.0
0.3746206843756285,1.1829857060212312,2.9225855324200882,0.08234037921259392,0.7721094019869251,1.0,2.0
-0.5152352262039024,1.3252790415958424,0.3776494510474878,0.3192050348975659,-2.3307267787829433,1.0,2.0
0.6316638804768802,-0.9588464630855217,0.16742252321932227,1.5687623388612855,-0.24679002594186703,0.0,3.0
1.7431326907548428,0.6733104969624697,-2.1865425694457685,-0.16144775275545173,0.3914658572198932,1.0,0.0
0.9868022977122394,0.32007334878874316,0.3781043743987054,-0.4655673898545205,0.9631997384134077,0.0,0.0
0.104566693839725,0.9768144777972293,0.39983883074048676,0.3555301220501817,-0.6124832443758591,0.0,2.0
-0.997553283718078,1.5923615151101334,1.7575489230177086,-0.6532255936542798,0.5781931331191648,1.0,1.0
-0.6749466722734548,0.06856836228072924,0.8017462219726803,1.2245096783747285,0.9824226786939475,0.0,1.0
-0.5596462938118134,0.11396601975449952,-1.095421862590469,0.6024319504005784,0.5158856306709132,0.0,2.0
-0.43833370768713326,-0.6463496513108631,-1.848074090302571,-1.3611072625128984,0.9774722648795214,0.0,2.0
0.6804935258461797,-0.38495295442456207,1.0924264522677463,1.556200710361343,-1.5622883748065912,1.0,0.0
-0.11788425508945422,0.9112931144947273,-1.400484247043907,-0.5898871384145515,-0.06581155947565873,0.0,3.0
-0.4933289306222945,-0.37215120485888514,1.3572032024342033,1.3160532683225474,0.07686838099442798,0.0,0.0
-0.11762602056483175,-1.89202851631392,-0.39432789319747313,-1.0116398883787396,-1.3890717204189633,0.0,0.0
0.36551771193279115,-0.9562420274067639,-0.6518103271237928,-0.3573451086733635,1.0142834707704895,0.0,0.0
0.9117706766994839,-1.2699589609153812,0.5328346987049098,-0.7682695562627404,-0.7504515220720286,0.0,1.0
-0.8756641143331242,-1.1788477968225348,-0.25612603208423496,0.3436569149610194,-1.7693530235235695,0.0,0.0
0.061357460742409616,0.8148155841779116,0.15552918866203735,0.4831407243033226,1.0218888461622189,1.0,1.0
-0.10855377281477045,-1.5116016675681327,-0.5250259904789146,1.2740707232567896,0.5863946170138041,0.0,0.0
0.010332553905262755,1.1856147680934415,-0.3832250735789163,0.45291312169925485,1.3505873382759481,1.0,1.0
-0.5985267554039957,-0.25960704396129236,-0.12830821867584932,1.4320698011247017,-1.4897129169499872,0.0,0.0
-0.5186530273237158,-0.6961254234662814,1.1070560040762065,-1.1172055950994724,-0.30596829791429436,1.0,2.0
0.39327389653671063,-0.3465269223444376,0.34276038914202295,0.24119359744681992,-0.967695367816567,0.0,3.0
0.7947112082584022,1.3458269726026248,-1.854644067583324,0.2767584410109253,0.26972035167074987,1.0,3.0
1.0350804160632865,-0.292078545593193,0.4008425964706065,0.9401970492228203,0.22301263255581108,0.0,2.0
-0.32848295837546904,0.1425233794815206,-0.11961812759747793,1.4434870595288547,-0.056644346494836635,0.0,0.0
-1.3025257505338037,-0.7756405853382079,0.2580850287920386,2.0831302761498787,-1.244819529561258,0.0,2.0
-0.5971860821688916,0.7366328059958144,-0.05891212394719022,0.9482621152934838,-1.435527709759987,1.0,3.0
0.8612170177410828,0.004463891168475634,1.8894021409803337,-0.6407860153008869,-0.6364318511111774,1.0,2.0
1.1170722087008682,-0.5193751831607823,-0.20650458071507186,-0.502253368122563,-2.1333381641193756,1.0,0.0
-0.27616139569118026,0.32780518638283224,0.6040443288744639,-0.5660937439541146,1.4466127122384858,0.0,2.0
-0.26199814959879153,-0.32511133568117406,0.3425235748271692,1.4462590061022607,-1.7783058968602197,1.0,2.0
0.7455101230429895,0.1593781376477725,0.5406338349169216,1.0110448159229628,0.6641908143769075,0.0,3.0
0.2733599086624401,0.10692161120845325,-1.392976271018463,0.3683305092165949,0.3614093650463967,1.0,0.0
0.6269508027223242,0.387449577905407,-0.07545061038490421,-0.7202929415586999,-1.3244011237312294,1.0,2.0
-0.8663696090859471,0.7784331860657933,-0.20423794288756547,1.102614511272817,1.373466491542339,1.0,1.0
0.8699023416100499,2.1589355207860073,-0.3383349637222709,-0.7663747017674437,-0.7779031994630073,1.0,2.0
0.7130256957205033,-0.6698862666912264,1.7526539174647764,1.1733267383931423,1.3963844500643678,1.0,2.0
1.2072626120550598,-0.3520431217495946,-2.0386851057319197,0.7422854646815022,-1.7105216394257907,1.0,2.0
-0.8944524235144592,0.05563748943716623,-0.21632470311664476,-0.43057699779198594,-1.5044621108825313,1.0,0.0
1.1091714976421692,2.3682155516217476,-0.6525462435279389,-0.43060629934584893,0.7375325906813611,1.0,0.0
-0.2859208143559187,-0.9048054957276066,-1.5014478879308226,-0.2039103649742729,0.4370738463825483,1.0,0.0
0.4743195151655809,0.21414053568618238,0.5037646276660271,-1.3957886935930381,0.3994171399945626,0.0,1.0
0.046984100361115354,1.1605732118893133,-0.8280021069904978,-0.6108766207099404,0.47918962866270626,0.0,1.0
0.41564568448674083,-1.383892868792686,-0.7913711174086874,2.0079430335186426,1.5197696248772747,1.0,2.0
0.46740616130718937,-1.7530880552614507,-1.5578302653347356,-0.5571880015579163,0.48448065616555624,1.0,0.0
-0.9570348643739698,1.2705475371170243,1.2342375423073448,-1.0233150775307,1.3310717292788328,0.0,0.0
-0.7380594866728736,-0.7320201634043584,-0.26003424259587427,0.33148998965741927,1.1133442013901975,0.0,3.0
0.6892557965100738,0.32086218993852983,0.4227836971265785,-0.7497065630822973,0.4236999837574713,0.0,2.0
-0.2594910738781666,-0.31985081719889513,0.9160820447512902,0.30306139435345153,0.4463510366207391,0.0,3.0
-0.2317208411737784,0.018871936517016553,-0.22247637940526938,-0.6411511830005499,-0.30618777074422715,0.0,0.0
0.2669388937720346,-0.1847100263487872,-0.8893342792693796,0.30580584939097943,-0.19882896330981287,0.0,1.0
-0.4524411021654881,-0.28305998880444716,-0.7407029713268314,0.8388375755967767,0.8841600470956462,1.0,2.0
-1.764600698334611,1.6316514881816315,0.5705785979669264,-0.4535893811156687,0.091814690395355,1.0,1.0
-1.501383300891945,-0.9319886958575841,0.9492064801421984,1.4145398310467785,-0.28269547033456643,0.0,1.0
0.602787357603334,-0.5213614743556229,-1.425097808968381,-0.6087611395243708,0.6477564887058564,0.0,0.0
0.33901398397707133,-2.6135939243185966,-0.12299215015989243,-0.3082884884969702,-1.54868663136227,1.0,0.0
-0.7494743273539795,3.2406408426327906,-0.7375431245138112,2.0353808456855274,-1.2014864981004711,1.0,3.0
-2.64759713789054,-0.2870328183442527,-0.26837965084800275,0.056707514697728105,0.8978421645253507,0.0,0.0
0.4522600620471689,1.0471122523936525,0.20375337752435382,0.7557595154824936,0.38144047175795537,0.0,1.0
-0.08535032522237027,0.72073458145977,-2.004009404731966,1.8387426943464482,-1.9174285693408752,1.0,0.0
1.0827574027556075,-1.715079656426438,-1.603348836678835,-0.5295157886056632,-0.6961269860544693,1.0,3.0
-0.003248361012796975,0.4498545764233852,-1.2065495931748593,-1.8510291854504854,0.7377700958907953,1.0,0.0
