12.0,1.0,-1.000088900581841e-12,0.0,0.0,0.0,0.0,0.0,0.0,0.0,64.5,0.0,0.0,0.0,0.0,2.0,0.0,2.0,0.0,0.0,0.0,0.0,0.0,0.0,0.0,0.0,2
30.0,2.0,0.6730116670072565,0.0,0.0,0.0,0.0,0.0,0.0,0.0,63.85714285714285,0.0,0.0,0.0,0.0,2.0,0.0,2.0,0.0,0.0,0.0,0.0,0.0,0.0,0.0,0.0,2
24.0,2.0,0.5623351446168083,0.0,0.0,0.0,0.0,0.0,0.0,0.0,63.0,0.0,0.0,0.0,0.0,2.0,0.0,2.0,0.0,0.0,0.0,0.0,0.0,0.0,0.0,0.0,2
20.0,2.0,0.3250829733894482,0.0,0.0,0.0,0.0,0.0,0.0,0.0,63.0,0.0,0.0,0.0,0.0,4.0,0.0,4.0,0.0,0.0,0.0,0.0,0.0,0.0,0.0,0.0,2
12.0,1.0,-1.000088900581841e-12,0.0,0.0,0.0,0.0,0.0,0.0,0.0,63.0,0.0,0.0,0.0,0.0,0.0,0.0,4.0,0.0,0.0,0.0,0.0,0.0,0.0,0.0,0.0,2
12.0,1.0,-1.000088900581841e-12,0.0,0.0,0.0,0.0,0.0,0.0,0.0,62.0,0.0,0.0,0.0,0.0,0.0,0.0,0.0,0.0,0.0,0.0,0.0,0.0,0.0,0.0,0.0,2
26.0,3.0,0.8587409130032868,0.0,0.0,0.0,0.0,0.0,0.0,0.0,61.375,4.0,0.0,0.0,0.0,12.0,0.0,10.0,0.0,0.0,0.0,4.0,0.0,0.0,0.0,0.0,2
142.0,7.0,1.4989271020679609,24.0,0.0,0.0,0.0,0.0,0.0,0.0,58.13333333333333,0.0,0.0,0.0,0.0,32.0,0.0,16.0,0.0,0.0,24.0,8.0,0.0,0.0,18.0,0.0,2
74.0,4.0,0.836589806447447,0.0,0.0,0.0,0.0,0.0,0.0,0.0,55.9,0.0,0.0,0.0,0.0,8.0,0.0,10.0,0.0,0.0,0.0,10.0,0.0,0.0,6.0,0.0,2
12.0,2.0,0.6365141682928128,0.0,0.0,0.0,0.0,0.0,0.0,0.0,54.5,0.0,0.0,0.0,0.0,0.0,0.0,6.0,0.0,0.0,0.0,0.0,0.0,0.0,0.0,0.0,2
36.0,3.0,0.936888307536016,0.0,0.0,0.0,0.0,0.0,0.0,0.0,52.888888888888886,0.0,0.0,0.0,0.0,12.0,0.0,10.0,0.0,0.0,2.0,0.0,0.0,0.0,2.0,0.0,2
62.0,2.0,0.6884572217873626,0.0,0.0,0.0,0.0,0.0,0.0,0.0,51.333333333333336,0.0,0.0,0.0,0.0,16.0,0.0,4.0,0.0,0.0,0.0,12.0,0.0,0.0,8.0,0.0,2
30.0,3.0,0.8033149761378755,0.0,0.0,0.0,0.0,0.0,0.0,0.0,49.375,0.0,0.0,0.0,0.0,8.0,0.0,8.0,0.0,0.0,0.0,0.0,0.0,0.0,0.0,0.0,2
12.0,1.0,-1.000088900581841e-12,0.0,0.0,0.0,0.0,0.0,0.0,0.0,46.66666666666666,0.0,0.0,0.0,0.0,0.0,0.0,0.0,0.0,0.0,0.0,0.0,0.0,0.0,0.0,0.0,2
32.0,3.0,0.9840865030799146,0.0,0.0,0.0,0.0,0.0,0.0,0.0,44.285714285714285,4.0,0.0,0.0,0.0,8.0,0.0,6.0,0.0,0.0,0.0,2.0,0.0,0.0,0.0,0.0,2
40.0,2.0,0.6108643020528935,0.0,0.0,0.0,0.0,0.0,0.0,0.0,40.44444444444444,0.0,0.0,0.0,0.0,8.0,0.0,10.0,0.0,0.0,0.0,0.0,0.0,0.0,0.0,0.0,2
12.0,1.0,-1.000088900581841e-12,0.0,0.0,0.0,0.0,0.0,0.0,0.0,38.0,0.0,0.0,0.0,0.0,0.0,0.0,0.0,0.0,0.0,4.0,0.0,0.0,0.0,2.0,0.0,2
36.0,2.0,0.5297061990556545,32.0,0.0,0.0,0.0,0.0,0.0,0.0,34.9,0.0,4.0,4.0,0.0,12.0,0.0,8.0,0.0,0.0,40.0,18.0,0.0,0.0,10.0,0.0,2
16.0,1.0,-1.000088900581841e-12,0.0,0.0,0.0,0.0,0.0,0.0,0.0,32.714285714285715,0.0,0.0,0.0,0.0,4.0,0.0,0.0,0.0,0.0,0.0,0.0,0.0,0.0,0.0,0.0,2
10.0,1.0,-1.000088900581841e-12,0.0,0.0,0.0,0.0,0.0,0.0,0.0,31.666666666666668,0.0,0.0,0.0,0.0,0.0,0.0,0.0,0.0,0.0,0.0,4.0,0.0,0.0,0.0,0.0,2
0.0,0.0,0.0,0.0,0.0,0.0,0.0,0.0,0.0,0.0,31.0,4.0,0.0,0.0,0.0,0.0,0.0,0.0,0.0,0.0,0.0,0.0,0.0,0.0,0.0,0.0,2
28.0,2.0,0.2573186405418316,0.0,0.0,0.0,0.0,0.0,0.0,0.0,29.857142857142858,4.0,0.0,0.0,0.0,4.0,0.0,4.0,0.0,0.0,0.0,4.0,0.0,0.0,0.0,0.0,3
502.0,5.0,0.5684012370515539,0.0,0.0,0.0,0.0,0.0,0.0,4.0,32.28,0.0,0.0,0.0,4.0,8.0,0.0,2.0,0.0,0.0,0.0,28.0,0.0,0.0,6.0,0.0,3
466.0,4.0,0.3479943495543294,0.0,0.0,0.0,0.0,0.0,0.0,0.0,57.09090909090909,0.0,0.0,0.0,0.0,8.0,0.0,12.0,0.0,0.0,0.0,0.0,0.0,0.0,0.0,0.0,3
2.0,1.0,-1.000088900581841e-12,0.0,0.0,0.0,0.0,0.0,0.0,0.0,78.0,0.0,0.0,0.0,0.0,4.0,0.0,4.0,0.0,0.0,0.0,0.0,0.0,0.0,0.0,0.0,2
140.0,4.0,0.9181645935033884,128.0,0.0,0.0,0.0,0.0,0.0,0.0,83.93333333333334,0.0,0.0,0.0,0.0,8.0,0.0,10.0,0.0,0.0,0.0,10.0,0.0,0.0,0.0,0.0,3
512.0,4.0,0.3700408427705212,2.0,0.0,0.0,0.0,0.0,0.0,2.0,85.125,0.0,0.0,0.0,0.0,10.0,0.0,8.0,0.0,0.0,0.0,40.0,0.0,0.0,0.0,0.0,2
626.0,3.0,0.0899223259993241,0.0,0.0,0.0,0.0,0.0,0.0,0.0,97.92592592592592,0.0,0.0,0.0,0.0,2.0,0.0,2.0,0.0,0.0,0.0,2.0,0.0,0.0,0.0,0.0,3
716.0,1.0,-1.000088900581841e-12,0.0,0.0,0.0,0.0,0.0,0.0,0.0,100.0,0.0,0.0,0.0,0.0,0.0,0.0,0.0,0.0,0.0,0.0,6.0,0.0,0.0,0.0,0.0,2
136.0,2.0,0.0766488007741842,0.0,0.0,0.0,0.0,0.0,0.0,0.0,100.0,0.0,0.0,0.0,0.0,0.0,0.0,0.0,0.0,0.0,0.0,8.0,0.0,0.0,2.0,0.0,2
142.0,8.0,1.9219664692434857,12.0,0.0,0.0,0.0,0.0,0.0,0.0,98.35714285714286,0.0,0.0,0.0,0.0,24.0,0.0,14.0,0.0,0.0,24.0,0.0,0.0,0.0,20.0,0.0,2
18.0,3.0,0.6837389058457535,0.0,0.0,0.0,0.0,0.0,0.0,0.0,95.0,0.0,0.0,0.0,0.0,2.0,0.0,2.0,0.0,0.0,0.0,4.0,0.0,0.0,2.0,0.0,2
66.0,2.0,0.5538582294904286,0.0,0.0,0.0,0.0,0.0,0.0,0.0,94.25,0.0,0.0,0.0,0.0,2.0,0.0,2.0,0.0,0.0,0.0,2.0,0.0,0.0,0.0,0.0,2
12.0,1.0,-1.000088900581841e-12,0.0,0.0,0.0,0.0,0.0,0.0,0.0,93.33333333333331,0.0,0.0,0.0,0.0,0.0,0.0,0.0,0.0,0.0,0.0,0.0,0.0,0.0,0.0,0.0,2
80.0,6.0,1.3476114201099345,4.0,0.0,0.0,0.0,0.0,0.0,0.0,92.1,0.0,0.0,0.0,0.0,8.0,0.0,6.0,0.0,0.0,18.0,0.0,0.0,0.0,12.0,0.0,2
96.0,6.0,1.1928892529578006,0.0,0.0,0.0,0.0,0.0,0.0,0.0,88.45454545454545,0.0,0.0,0.0,0.0,6.0,0.0,6.0,0.0,0.0,2.0,22.0,0.0,0.0,2.0,0.0,2
60.0,4.0,1.083255010514509,0.0,0.0,0.0,0.0,0.0,0.0,0.0,86.44444444444444,0.0,0.0,0.0,0.0,8.0,0.0,6.0,0.0,0.0,0.0,10.0,0.0,0.0,4.0,0.0,2
78.0,2.0,0.3306806308299787,0.0,0.0,0.0,0.0,0.0,0.0,0.0,84.88888888888889,0.0,0.0,0.0,0.0,2.0,0.0,2.0,0.0,0.0,0.0,14.0,0.0,0.0,4.0,0.0,2
156.0,1.0,-1.000088900581841e-12,0.0,0.0,0.0,0.0,0.0,0.0,0.0,74.9090909090909,0.0,0.0,0.0,0.0,0.0,0.0,0.0,0.0,0.0,0.0,34.0,0.0,0.0,0.0,0.0,2
106.0,2.0,0.3903131346466206,0.0,0.0,0.0,0.0,0.0,0.0,0.0,54.25,0.0,0.0,0.0,0.0,0.0,0.0,0.0,0.0,0.0,0.0,12.0,0.0,0.0,0.0,0.0,2
126.0,4.0,1.3273989838339977,0.0,0.0,0.0,0.0,0.0,0.0,0.0,44.90909090909091,0.0,2.0,0.0,0.0,6.0,0.0,4.0,0.0,0.0,20.0,4.0,0.0,0.0,14.0,0.0,2
156.0,3.0,0.2311107015184778,0.0,0.0,0.0,0.0,0.0,0.0,0.0,41.69230769230769,0.0,0.0,0.0,0.0,8.0,0.0,8.0,0.0,0.0,0.0,36.0,0.0,0.0,10.0,0.0,2
50.0,2.0,0.5510799280849727,0.0,0.0,0.0,0.0,0.0,0.0,0.0,39.125,0.0,0.0,0.0,0.0,4.0,0.0,4.0,0.0,0.0,0.0,6.0,0.0,0.0,0.0,0.0,2
38.0,3.0,1.0870741555347625,0.0,0.0,0.0,0.0,0.0,0.0,0.0,37.75,0.0,0.0,0.0,0.0,2.0,0.0,6.0,0.0,0.0,0.0,4.0,0.0,0.0,0.0,0.0,2
48.0,4.0,1.2031463808149463,0.0,0.0,0.0,0.0,0.0,0.0,0.0,35.55555555555556,0.0,0.0,0.0,0.0,2.0,0.0,2.0,0.0,0.0,0.0,2.0,0.0,0.0,0.0,0.0,2
40.0,4.0,1.2312356911027469,0.0,0.0,0.0,0.0,0.0,0.0,0.0,34.125,0.0,0.0,0.0,0.0,2.0,0.0,4.0,0.0,0.0,0.0,2.0,0.0,0.0,0.0,0.0,2
20.0,5.0,1.4708084763171112,0.0,0.0,0.0,0.0,0.0,0.0,0.0,31.0,0.0,0.0,0.0,0.0,6.0,0.0,8.0,0.0,0.0,0.0,0.0,0.0,0.0,0.0,0.0,2
32.0,4.0,0.6885673692982827,0.0,0.0,0.0,0.0,0.0,0.0,0.0,27.55555555555556,0.0,0.0,0.0,0.0,4.0,0.0,6.0,0.0,0.0,0.0,0.0,0.0,0.0,0.0,0.0,2
192.0,4.0,0.5110761014891412,0.0,0.0,0.0,0.0,0.0,0.0,0.0,23.0,0.0,0.0,0.0,0.0,4.0,0.0,8.0,0.0,0.0,0.0,0.0,0.0,0.0,0.0,0.0,2
12.0,2.0,0.6365141682928128,0.0,0.0,0.0,0.0,0.0,0.0,0.0,20.33333333333333,0.0,0.0,0.0,0.0,0.0,0.0,2.0,0.0,0.0,0.0,0.0,0.0,0.0,0.0,0.0,2
12.0,2.0,0.6365141682928128,0.0,0.0,0.0,0.0,0.0,0.0,0.0,20.0,0.0,0.0,0.0,0.0,0.0,0.0,2.0,0.0,0.0,0.0,0.0,0.0,0.0,0.0,0.0,2
24.0,2.0,0.4505612088643047,0.0,0.0,0.0,0.0,0.0,0.0,0.0,19.375,0.0,0.0,0.0,0.0,4.0,0.0,0.0,0.0,0.0,0.0,4.0,0.0,0.0,0.0,0.0,2
190.0,4.0,0.500537178779393,0.0,0.0,0.0,0.0,0.0,0.0,4.0,18.923076923076923,0.0,0.0,0.0,0.0,6.0,0.0,6.0,0.0,0.0,0.0,6.0,0.0,0.0,0.0,0.0,2
272.0,4.0,1.0394127256518395,0.0,0.0,0.0,0.0,0.0,0.0,0.0,38.0,0.0,0.0,0.0,0.0,2.0,0.0,0.0,0.0,0.0,0.0,0.0,0.0,0.0,0.0,0.0,2
268.0,4.0,1.106148807513172,0.0,0.0,0.0,0.0,0.0,0.0,0.0,60.69230769230769,0.0,0.0,0.0,2.0,4.0,0.0,2.0,0.0,0.0,0.0,0.0,0.0,0.0,0.0,0.0,2
204.0,4.0,0.709662731588373,0.0,0.0,0.0,0.0,0.0,0.0,0.0,48.0,0.0,0.0,0.0,0.0,6.0,0.0,4.0,0.0,0.0,0.0,32.0,0.0,0.0,6.0,0.0,2
274.0,4.0,0.8282649223766603,0.0,0.0,0.0,0.0,0.0,0.0,0.0,42.2,0.0,0.0,0.0,0.0,16.0,0.0,4.0,0.0,0.0,0.0,52.0,0.0,0.0,12.0,0.0,2
116.0,2.0,0.2936729936404028,0.0,0.0,0.0,0.0,0.0,0.0,0.0,37.1,0.0,0.0,0.0,2.0,2.0,0.0,2.0,0.0,0.0,0.0,24.0,0.0,0.0,0.0,0.0,2
14.0,2.0,0.5982695885832573,0.0,0.0,0.0,0.0,0.0,0.0,0.0,34.833333333333336,0.0,0.0,0.0,0.0,2.0,0.0,2.0,0.0,0.0,0.0,0.0,0.0,0.0,0.0,0.0,2
22.0,1.0,-1.000088900581841e-12,0.0,0.0,0.0,0.0,0.0,0.0,0.0,32.42857142857143,0.0,0.0,0.0,0.0,2.0,0.0,2.0,0.0,0.0,0.0,0.0,0.0,0.0,0.0,0.0,2
16.0,2.0,0.5623351446168083,0.0,0.0,0.0,0.0,0.0,0.0,0.0,30.83333333333333,0.0,0.0,0.0,0.0,2.0,0.0,2.0,0.0,0.0,0.0,0.0,0.0,0.0,0.0,0.0,2
72.0,4.0,1.251110392055968,0.0,0.0,0.0,0.0,0.0,0.0,0.0,28.33333333333333,0.0,0.0,0.0,0.0,2.0,0.0,4.0,0.0,0.0,0.0,0.0,0.0,0.0,0.0,0.0,2
12.0,3.0,1.0114042647043515,0.0,0.0,0.0,0.0,0.0,0.0,0.0,26.5,0.0,0.0,0.0,0.0,0.0,0.0,2.0,0.0,0.0,0.0,0.0,0.0,0.0,0.0,0.0,2
26.0,4.0,1.0317671113465354,0.0,0.0,0.0,0.0,0.0,0.0,0.0,25.444444444444443,0.0,0.0,0.0,0.0,4.0,0.0,4.0,0.0,0.0,0.0,0.0,0.0,0.0,0.0,0.0,2
14.0,2.0,0.410116318286409,0.0,0.0,0.0,0.0,0.0,0.0,0.0,25.0,0.0,0.0,0.0,0.0,2.0,0.0,2.0,0.0,0.0,0.0,0.0,0.0,0.0,0.0,0.0,2
382.0,1.0,-1.000088900581841e-12,0.0,0.0,0.0,0.0,0.0,0.0,2.0,29.0,0.0,0.0,0.0,0.0,6.0,0.0,6.0,0.0,0.0,0.0,30.0,0.0,0.0,2.0,0.0,2
174.0,4.0,0.3898177247633988,0.0,0.0,0.0,0.0,0.0,0.0,0.0,43.11111111111112,0.0,0.0,0.0,0.0,4.0,0.0,4.0,0.0,0.0,0.0,0.0,0.0,0.0,0.0,0.0,2
24.0,3.0,0.8239592164980822,0.0,0.0,0.0,0.0,0.0,0.0,0.0,61.0,0.0,0.0,0.0,0.0,8.0,0.0,6.0,0.0,0.0,6.0,4.0,0.0,0.0,12.0,0.0,2
70.0,6.0,1.6217138567835048,0.0,0.0,0.0,0.0,0.0,0.0,0.0,59.888888888888886,0.0,0.0,0.0,0.0,6.0,0.0,6.0,0.0,0.0,0.0,16.0,0.0,0.0,4.0,0.0,2
112.0,2.0,0.410116318286409,0.0,0.0,0.0,0.0,0.0,0.0,0.0,56.8,0.0,0.0,0.0,0.0,2.0,0.0,2.0,0.0,0.0,0.0,28.0,0.0,0.0,0.0,0.0,2
48.0,2.0,0.6365141682928128,0.0,0.0,0.0,0.0,0.0,0.0,0.0,55.25,0.0,0.0,0.0,0.0,2.0,0.0,2.0,0.0,0.0,0.0,2.0,0.0,0.0,2.0,0.0,2
130.0,4.0,0.7189685342398856,0.0,0.0,0.0,0.0,0.0,0.0,0.0,53.5,0.0,0.0,0.0,0.0,8.0,0.0,8.0,0.0,0.0,0.0,26.0,0.0,0.0,10.0,0.0,2
34.0,2.0,0.2237180760638337,0.0,0.0,0.0,0.0,0.0,0.0,0.0,51.57142857142857,0.0,0.0,0.0,0.0,2.0,0.0,2.0,0.0,0.0,0.0,2.0,0.0,0.0,0.0,0.0,2
388.0,4.0,0.4050355413857874,0.0,0.0,0.0,0.0,0.0,0.0,0.0,49.44444444444444,0.0,0.0,0.0,0.0,6.0,0.0,4.0,0.0,0.0,0.0,4.0,0.0,0.0,0.0,0.0,2
156.0,6.0,1.437133004518849,0.0,0.0,0.0,0.0,0.0,0.0,0.0,45.63636363636363,0.0,0.0,0.0,0.0,6.0,0.0,6.0,0.0,0.0,0.0,10.0,0.0,0.0,0.0,0.0,2
90.0,5.0,1.2482893968939468,0.0,0.0,0.0,0.0,0.0,0.0,0.0,41.0,0.0,0.0,0.0,0.0,4.0,0.0,6.0,0.0,0.0,0.0,4.0,0.0,0.0,0.0,0.0,2
34.0,3.0,1.0551016181656423,0.0,0.0,0.0,0.0,0.0,0.0,0.0,39.0,0.0,0.0,0.0,0.0,4.0,0.0,4.0,0.0,0.0,0.0,6.0,0.0,0.0,0.0,0.0,2
28.0,3.0,0.7589367727590597,0.0,0.0,0.0,0.0,0.0,0.0,0.0,96.85714285714286,0.0,0.0,0.0,0.0,2.0,0.0,2.0,0.0,0.0,0.0,0.0,0.0,0.0,0.0,0.0,2
40.0,1.0,-1.000088900581841e-12,0.0,0.0,0.0,0.0,0.0,0.0,0.0,87.0,0.0,0.0,0.0,0.0,0.0,0.0,0.0,0.0,0.0,0.0,0.0,0.0,0.0,0.0,0.0,2
38.0,1.0,-1.000088900581841e-12,0.0,0.0,0.0,0.0,0.0,0.0,2.0,74.9,0.0,0.0,0.0,0.0,0.0,0.0,0.0,0.0,0.0,0.0,0.0,0.0,0.0,0.0,0.0,2
0.0,0.0,0.0,0.0,0.0,0.0,0.0,0.0,0.0,0.0,79.76666666666667,0.0,0.0,0.0,0.0,0.0,0.0,0.0,0.0,0.0,0.0,0.0,0.0,0.0,0.0,0.0,2
0.0,0.0,0.0,0.0,0.0,0.0,0.0,0.0,0.0,0.0,91.56666666666666,0.0,0.0,0.0,0.0,0.0,0.0,0.0,0.0,0.0,0.0,0.0,0.0,0.0,0.0,0.0,2
0.0,0.0,0.0,0.0,0.0,0.0,0.0,0.0,0.0,0.0,99.56666666666666,0.0,0.0,0.0,0.0,0.0,0.0,0.0,0.0,0.0,0.0,0.0,0.0,0.0,0.0,0.0,2
498.0,1.0,-1.000088900581841e-12,0.0,0.0,0.0,0.0,0.0,0.0,0.0,100.0,0.0,0.0,0.0,0.0,0.0,0.0,0.0,0.0,0.0,0.0,0.0,0.0,0.0,0.0,0.0,2
716.0,1.0,-1.000088900581841e-12,0.0,0.0,0.0,0.0,0.0,0.0,0.0,100.0,0.0,0.0,0.0,0.0,0.0,0.0,0.0,0.0,0.0,0.0,0.0,0.0,0.0,0.0,0.0,2
230.0,1.0,-1.000088900581841e-12,0.0,0.0,0.0,0.0,0.0,0.0,0.0,99.4375,0.0,0.0,0.0,0.0,0.0,0.0,0.0,0.0,0.0,0.0,0.0,0.0,0.0,0.0,0.0,2
0.0,0.0,0.0,0.0,0.0,0.0,0.0,0.0,0.0,0.0,89.85714285714286,0.0,0.0,0.0,0.0,0.0,0.0,0.0,0.0,0.0,0.0,0.0,0.0,0.0,0.0,0.0,2
0.0,0.0,0.0,0.0,0.0,0.0,0.0,0.0,0.0,0.0,78.85714285714286,0.0,0.0,0.0,0.0,0.0,0.0,0.0,0.0,0.0,0.0,0.0,0.0,0.0,0.0,0.0,2
4.0,1.0,-1.000088900581841e-12,0.0,0.0,0.0,0.0,0.0,0.0,0.0,67.85714285714286,0.0,0.0,0.0,0.0,0.0,0.0,0.0,0.0,0.0,0.0,0.0,0.0,0.0,0.0,0.0,2
212.0,4.0,0.95724094780795,0.0,0.0,0.0,0.0,0.0,0.0,0.0,57.8235294117647,0.0,0.0,0.0,0.0,4.0,0.0,4.0,0.0,0.0,0.0,36.0,0.0,0.0,4.0,0.0,2
80.0,6.0,1.6385539937477362,148.0,0.0,0.0,0.0,0.0,0.0,0.0,52.90909090909091,0.0,0.0,0.0,0.0,12.0,0.0,12.0,0.0,0.0,34.0,16.0,0.0,0.0,14.0,0.0,2
42.0,2.0,0.5982695885832573,0.0,0.0,0.0,0.0,0.0,0.0,0.0,51.22222222222222,0.0,0.0,0.0,0.0,4.0,0.0,4.0,0.0,0.0,0.0,10.0,0.0,0.0,2.0,0.0,2
56.0,4.0,1.3181602554349006,0.0,0.0,0.0,0.0,0.0,0.0,0.0,49.625,0.0,0.0,0.0,0.0,4.0,0.0,6.0,0.0,0.0,0.0,6.0,0.0,0.0,2.0,0.0,2
52.0,3.0,1.0123308391001735,2.0,0.0,0.0,0.0,0.0,0.0,0.0,47.7,0.0,0.0,0.0,0.0,16.0,0.0,10.0,0.0,0.0,16.0,0.0,0.0,0.0,10.0,0.0,2
12.0,1.0,-1.000088900581841e-12,0.0,0.0,0.0,0.0,0.0,0.0,0.0,47.0,0.0,0.0,0.0,0.0,0.0,0.0,0.0,0.0,0.0,2.0,8.0,0.0,0.0,4.0,0.0,2
78.0,3.0,1.0377475202580306,0.0,0.0,0.0,0.0,0.0,0.0,0.0,45.55555555555556,0.0,0.0,0.0,4.0,8.0,0.0,6.0,0.0,0.0,0.0,0.0,0.0,0.0,0.0,0.0,2
22.0,2.0,0.5859526183015509,0.0,0.0,0.0,0.0,0.0,0.0,0.0,93.0,0.0,0.0,0.0,0.0,6.0,0.0,2.0,0.0,0.0,0.0,0.0,0.0,0.0,0.0,0.0,2
12.0,1.0,-1.000088900581841e-12,0.0,0.0,0.0,0.0,0.0,0.0,0.0,93.0,0.0,0.0,0.0,0.0,0.0,0.0,0.0,0.0,0.0,0.0,0.0,0.0,0.0,0.0,0.0,2
0.0,0.0,0.0,0.0,0.0,0.0,0.0,0.0,0.0,0.0,92.16666666666669,4.0,0.0,0.0,0.0,0.0,0.0,0.0,0.0,0.0,0.0,0.0,0.0,0.0,0.0,0.0,2
82.0,4.0,1.2262622881098904,0.0,0.0,0.0,0.0,0.0,0.0,0.0,90.3,0.0,0.0,0.0,0.0,6.0,0.0,2.0,0.0,0.0,0.0,8.0,0.0,0.0,4.0,0.0,2
112.0,3.0,0.2974854365850322,0.0,0.0,0.0,0.0,0.0,0.0,0.0,85.76923076923077,0.0,0.0,0.0,0.0,0.0,0.0,0.0,0.0,0.0,0.0,34.0,0.0,0.0,0.0,0.0,2
68.0,4.0,0.9260046061939752,0.0,0.0,0.0,0.0,0.0,0.0,0.0,78.9,0.0,0.0,0.0,0.0,0.0,0.0,0.0,0.0,0.0,0.0,0.0,0.0,0.0,0.0,0.0,2
12.0,1.0,-1.000088900581841e-12,0.0,0.0,0.0,0.0,0.0,0.0,0.0,75.0,0.0,0.0,0.0,0.0,0.0,0.0,0.0,0.0,0.0,0.0,0.0,0.0,0.0,0.0,0.0,2
10.0,1.0,-1.000088900581841e-12,0.0,0.0,0.0,0.0,0.0,0.0,0.0,75.0,0.0,0.0,0.0,0.0,0.0,0.0,0.0,0.0,0.0,0.0,0.0,0.0,0.0,0.0,0.0,2
0.0,0.0,0.0,0.0,0.0,0.0,0.0,0.0,0.0,0.0,75.0,8.0,0.0,0.0,0.0,0.0,0.0,0.0,0.0,0.0,0.0,0.0,0.0,0.0,0.0,0.0,2
54.0,4.0,1.367362382873803,0.0,0.0,0.0,0.0,0.0,0.0,0.0,73.9,0.0,0.0,0.0,0.0,24.0,0.0,12.0,0.0,0.0,0.0,4.0,0.0,0.0,0.0,0.0,2
34.0,2.0,0.362210557133449,0.0,0.0,0.0,0.0,0.0,0.0,0.0,69.25,0.0,0.0,0.0,0.0,8.0,0.0,2.0,0.0,0.0,0.0,6.0,0.0,0.0,0.0,0.0,2
30.0,1.0,-1.000088900581841e-12,0.0,0.0,0.0,0.0,0.0,0.0,0.0,62.55555555555556,0.0,0.0,0.0,0.0,16.0,0.0,18.0,0.0,0.0,0.0,2.0,0.0,0.0,0.0,0.0,2
44.0,2.0,0.6765259604914999,0.0,0.0,0.0,0.0,0.0,0.0,0.0,59.0,0.0,0.0,0.0,0.0,24.0,0.0,16.0,0.0,0.0,0.0,4.0,0.0,0.0,0.0,0.0,2
52.0,2.0,0.4293230219286162,0.0,0.0,0.0,0.0,0.0,0.0,0.0,57.1,0.0,0.0,0.0,0.0,40.0,0.0,20.0,0.0,0.0,0.0,10.0,0.0,0.0,2.0,0.0,2
44.0,3.0,1.0900596587077838,0.0,0.0,0.0,0.0,0.0,0.0,0.0,54.66666666666666,0.0,0.0,0.0,0.0,8.0,0.0,10.0,0.0,0.0,0.0,6.0,0.0,0.0,0.0,0.0,2
58.0,5.0,1.249918070058584,0.0,0.0,0.0,0.0,0.0,0.0,0.0,51.90909090909091,0.0,0.0,0.0,0.0,8.0,0.0,2.0,0.0,0.0,0.0,2.0,0.0,0.0,0.0,0.0,2
98.0,4.0,1.0733166877854323,0.0,0.0,0.0,0.0,0.0,0.0,0.0,48.09090909090909,0.0,0.0,0.0,0.0,0.0,0.0,2.0,0.0,0.0,0.0,0.0,0.0,0.0,0.0,0.0,2
20.0,1.0,-1.000088900581841e-12,0.0,0.0,0.0,0.0,0.0,0.0,0.0,46.57142857142857,0.0,0.0,0.0,0.0,8.0,0.0,10.0,0.0,0.0,0.0,0.0,0.0,0.0,0.0,0.0,2
36.0,3.0,1.0114042647043515,0.0,0.0,0.0,0.0,0.0,0.0,0.0,45.5,0.0,0.0,0.0,8.0,8.0,0.0,2.0,0.0,0.0,0.0,0.0,0.0,0.0,0.0,0.0,3
50.0,5.0,1.5378777271437536,0.0,0.0,0.0,0.0,0.0,0.0,0.0,22.5,0.0,0.0,0.0,0.0,4.0,0.0,6.0,0.0,0.0,0.0,14.0,0.0,0.0,0.0,0.0,3
214.0,5.0,1.0112644828200452,0.0,0.0,0.0,0.0,0.0,0.0,2.0,18.4,0.0,0.0,0.0,0.0,10.0,0.0,8.0,0.0,0.0,0.0,32.0,0.0,0.0,4.0,0.0,2
520.0,1.0,-1.000088900581841e-12,0.0,0.0,0.0,0.0,0.0,0.0,0.0,43.0,0.0,0.0,0.0,0.0,0.0,0.0,0.0,0.0,0.0,0.0,32.0,0.0,0.0,0.0,0.0,2
366.0,3.0,0.479985466443926,0.0,0.0,0.0,0.0,0.0,0.0,0.0,66.61111111111111,0.0,0.0,0.0,0.0,2.0,0.0,6.0,0.0,0.0,0.0,18.0,0.0,0.0,0.0,0.0,2
240.0,6.0,0.8149155123315541,32.0,0.0,0.0,0.0,0.0,0.0,0.0,90.25,0.0,0.0,0.0,0.0,12.0,0.0,8.0,0.0,0.0,38.0,4.0,0.0,0.0,8.0,0.0,2
62.0,2.0,0.6884572217873626,128.0,0.0,0.0,0.0,0.0,0.0,0.0,90.4,0.0,0.0,0.0,0.0,12.0,0.0,6.0,0.0,0.0,18.0,20.0,0.0,0.0,16.0,0.0,2
12.0,1.0,-1.000088900581841e-12,0.0,0.0,0.0,0.0,0.0,0.0,0.0,89.0,0.0,0.0,0.0,0.0,0.0,0.0,0.0,0.0,0.0,0.0,6.0,0.0,0.0,0.0,0.0,2
16.0,3.0,0.9002560512655369,0.0,0.0,0.0,0.0,0.0,0.0,0.0,87.5,0.0,0.0,0.0,0.0,2.0,0.0,2.0,0.0,0.0,0.0,8.0,0.0,0.0,0.0,0.0,2
236.0,4.0,0.5188201362441149,118.0,0.0,0.0,0.0,0.0,0.0,0.0,83.3125,0.0,0.0,0.0,0.0,16.0,0.0,16.0,0.0,0.0,0.0,50.0,0.0,0.0,16.0,0.0,2
460.0,6.0,1.1628641654617735,134.0,0.0,0.0,0.0,0.0,0.0,0.0,76.36,0.0,0.0,0.0,0.0,4.0,0.0,4.0,2.0,0.0,0.0,62.0,0.0,0.0,14.0,0.0,2
202.0,2.0,0.225329808745995,124.0,0.0,0.0,0.0,0.0,0.0,0.0,69.6875,0.0,0.0,0.0,0.0,26.0,0.0,22.0,0.0,0.0,38.0,28.0,0.0,0.0,28.0,0.0,2
180.0,2.0,0.4129501244423358,8.0,0.0,0.0,0.0,0.0,0.0,0.0,65.53846153846153,0.0,0.0,0.0,0.0,4.0,0.0,4.0,0.0,0.0,12.0,42.0,0.0,0.0,4.0,0.0,2
128.0,2.0,0.5623351446168083,0.0,0.0,0.0,0.0,0.0,0.0,0.0,59.888888888888886,0.0,0.0,0.0,0.0,2.0,0.0,0.0,0.0,0.0,0.0,30.0,0.0,0.0,0.0,0.0,2
118.0,4.0,0.7557995805919977,0.0,0.0,0.0,0.0,0.0,0.0,0.0,55.4,0.0,0.0,0.0,0.0,4.0,0.0,6.0,0.0,0.0,0.0,24.0,0.0,0.0,0.0,0.0,2
2.0,1.0,-1.000088900581841e-12,0.0,0.0,0.0,0.0,0.0,0.0,0.0,0.0,0.0,0.0,0.0,0.0,2.0,0.0,2.0,0.0,0.0,0.0,0.0,0.0,0.0,0.0,0.0,2
524.0,4.0,0.4951791194322765,36.0,0.0,0.0,0.0,0.0,0.0,2.0,25.814814814814813,0.0,0.0,0.0,0.0,6.0,0.0,4.0,0.0,0.0,16.0,30.0,0.0,0.0,12.0,0.0,2
712.0,1.0,-1.000088900581841e-12,0.0,0.0,0.0,0.0,0.0,0.0,0.0,53.8,0.0,0.0,0.0,0.0,0.0,0.0,0.0,0.0,0.0,0.0,0.0,0.0,0.0,0.0,0.0,2
550.0,3.0,0.7145748365931927,0.0,0.0,0.0,0.0,0.0,0.0,0.0,83.5,0.0,2.0,0.0,0.0,4.0,0.0,4.0,0.0,0.0,0.0,0.0,0.0,0.0,0.0,0.0,2
634.0,3.0,0.5412089667957383,0.0,0.0,0.0,0.0,0.0,0.0,0.0,98.42857142857144,0.0,0.0,0.0,0.0,2.0,0.0,2.0,0.0,0.0,0.0,0.0,0.0,0.0,0.0,0.0,2
30.0,3.0,1.0096137581710385,0.0,0.0,0.0,0.0,0.0,0.0,2.0,100.0,0.0,0.0,0.0,2.0,6.0,0.0,4.0,0.0,0.0,0.0,0.0,0.0,0.0,0.0,0.0,2
54.0,5.0,1.1494003266479746,0.0,0.0,0.0,0.0,0.0,0.0,0.0,99.85714285714286,0.0,0.0,0.0,0.0,4.0,0.0,2.0,0.0,0.0,0.0,0.0,0.0,0.0,0.0,0.0,2
32.0,4.0,1.2637406793288122,0.0,0.0,0.0,0.0,0.0,0.0,0.0,98.71428571428572,0.0,0.0,0.0,0.0,4.0,0.0,6.0,0.0,0.0,0.0,4.0,0.0,0.0,0.0,0.0,2
68.0,7.0,1.6949781347527155,0.0,0.0,0.0,0.0,0.0,0.0,0.0,95.72727272727272,0.0,0.0,0.0,0.0,2.0,0.0,2.0,0.0,0.0,0.0,4.0,0.0,0.0,0.0,0.0,2
62.0,5.0,1.370690827605556,0.0,0.0,0.0,0.0,0.0,0.0,0.0,92.33333333333331,0.0,0.0,0.0,0.0,6.0,0.0,4.0,0.0,0.0,0.0,0.0,0.0,0.0,0.0,0.0,2
138.0,5.0,1.451474715658039,60.0,0.0,0.0,0.0,0.0,0.0,0.0,89.6923076923077,0.0,0.0,0.0,0.0,14.0,0.0,10.0,0.0,0.0,30.0,2.0,0.0,0.0,8.0,0.0,2
166.0,5.0,1.233970761126977,44.0,0.0,0.0,0.0,0.0,0.0,0.0,85.86666666666666,0.0,0.0,0.0,0.0,28.0,0.0,28.0,0.0,0.0,76.0,6.0,0.0,0.0,54.0,0.0,2
34.0,2.0,0.6492483548688981,10.0,0.0,0.0,0.0,0.0,0.0,0.0,82.0,0.0,0.0,0.0,0.0,4.0,0.0,4.0,0.0,0.0,12.0,36.0,0.0,0.0,8.0,0.0,2
66.0,2.0,0.1357939587495938,0.0,0.0,0.0,0.0,0.0,0.0,0.0,79.2,0.0,0.0,0.0,0.0,8.0,0.0,8.0,0.0,0.0,22.0,4.0,0.0,0.0,10.0,0.0,2
32.0,4.0,1.0337005498485017,0.0,0.0,0.0,0.0,0.0,0.0,0.0,77.66666666666667,0.0,0.0,0.0,0.0,6.0,0.0,10.0,0.0,0.0,6.0,2.0,0.0,0.0,8.0,0.0,2
92.0,3.0,0.9855939523256114,62.0,0.0,0.0,0.0,0.0,0.0,0.0,75.2,0.0,0.0,0.0,0.0,10.0,0.0,8.0,0.0,0.0,28.0,14.0,0.0,0.0,18.0,0.0,2
166.0,3.0,0.986886257707033,10.0,0.0,0.0,0.0,0.0,0.0,0.0,71.9090909090909,0.0,0.0,0.0,0.0,6.0,0.0,6.0,0.0,0.0,0.0,28.0,0.0,0.0,0.0,0.0,2
94.0,4.0,1.0843187636140754,0.0,0.0,0.0,0.0,0.0,0.0,0.0,68.375,0.0,0.0,0.0,0.0,2.0,0.0,2.0,0.0,0.0,0.0,4.0,0.0,0.0,0.0,0.0,2
108.0,4.0,0.6276505410619304,0.0,0.0,0.0,0.0,0.0,0.0,0.0,64.0,0.0,0.0,0.0,0.0,2.0,0.0,2.0,0.0,0.0,0.0,0.0,0.0,0.0,0.0,0.0,2
106.0,6.0,1.63231751194502,0.0,0.0,0.0,0.0,0.0,0.0,0.0,58.888888888888886,0.0,0.0,0.0,0.0,6.0,0.0,8.0,0.0,0.0,0.0,42.0,0.0,0.0,4.0,0.0,2
24.0,2.0,0.6365141682928128,0.0,0.0,0.0,0.0,0.0,0.0,0.0,54.57142857142857,0.0,0.0,0.0,0.0,2.0,0.0,2.0,0.0,0.0,0.0,2.0,0.0,0.0,0.0,0.0,2
20.0,3.0,0.9502705392302344,0.0,0.0,0.0,0.0,0.0,0.0,0.0,52.875,0.0,0.0,0.0,0.0,6.0,0.0,10.0,0.0,0.0,0.0,0.0,0.0,0.0,0.0,0.0,2
158.0,4.0,0.7823523061050094,0.0,0.0,0.0,0.0,0.0,0.0,0.0,50.16666666666666,0.0,0.0,0.0,0.0,6.0,0.0,6.0,0.0,0.0,0.0,0.0,0.0,0.0,0.0,0.0,2
20.0,3.0,0.9433483923260392,0.0,0.0,0.0,0.0,0.0,0.0,0.0,48.0,0.0,0.0,0.0,0.0,4.0,0.0,4.0,0.0,0.0,0.0,0.0,0.0,0.0,0.0,0.0,2
12.0,1.0,-1.000088900581841e-12,0.0,0.0,0.0,0.0,0.0,0.0,0.0,33.0,0.0,0.0,0.0,0.0,0.0,0.0,0.0,0.0,0.0,0.0,2.0,0.0,0.0,0.0,0.0,2
10.0,1.0,-1.000088900581841e-12,0.0,0.0,0.0,0.0,0.0,0.0,0.0,32.166666666666664,0.0,0.0,0.0,0.0,0.0,0.0,0.0,0.0,0.0,0.0,0.0,0.0,0.0,0.0,0.0,2
60.0,3.0,0.8975010785915181,0.0,0.0,0.0,0.0,0.0,0.0,0.0,31.55555555555556,2.0,0.0,0.0,2.0,2.0,0.0,4.0,0.0,0.0,0.0,2.0,0.0,0.0,2.0,0.0,3
492.0,1.0,-1.000088900581841e-12,0.0,0.0,0.0,0.0,0.0,0.0,0.0,33.86363636363637,0.0,0.0,0.0,0.0,0.0,0.0,0.0,0.0,0.0,0.0,2.0,0.0,0.0,0.0,0.0,2
352.0,3.0,0.7320075057610541,0.0,0.0,0.0,0.0,0.0,0.0,0.0,58.77777777777778,0.0,0.0,0.0,0.0,2.0,0.0,4.0,0.0,0.0,0.0,0.0,0.0,0.0,0.0,0.0,2
710.0,1.0,-1.000088900581841e-12,0.0,0.0,0.0,0.0,0.0,0.0,0.0,87.36666666666666,0.0,0.0,0.0,0.0,0.0,0.0,0.0,0.0,0.0,0.0,0.0,0.0,0.0,0.0,0.0,3
718.0,2.0,0.0611859185468578,0.0,0.0,0.0,0.0,0.0,0.0,0.0,96.73333333333332,0.0,0.0,0.0,0.0,4.0,0.0,4.0,0.0,0.0,0.0,0.0,0.0,0.0,0.0,0.0,3
430.0,2.0,0.0734653439560303,0.0,0.0,0.0,0.0,0.0,0.0,0.0,99.9047619047619,0.0,0.0,0.0,0.0,4.0,0.0,2.0,0.0,0.0,0.0,4.0,0.0,0.0,0.0,0.0,3
26.0,4.0,1.156987644341274,0.0,0.0,0.0,0.0,0.0,0.0,0.0,99.875,0.0,0.0,0.0,0.0,6.0,0.0,6.0,0.0,0.0,0.0,0.0,0.0,0.0,0.0,0.0,3
18.0,4.0,1.2730283365856256,0.0,0.0,0.0,0.0,0.0,0.0,0.0,97.33333333333331,0.0,0.0,0.0,0.0,4.0,0.0,6.0,0.0,2.0,0.0,2.0,0.0,0.0,4.0,0.0,3
56.0,3.0,0.8899225323709496,0.0,0.0,0.0,0.0,0.0,0.0,0.0,95.375,0.0,0.0,0.0,0.0,6.0,0.0,8.0,0.0,0.0,0.0,8.0,0.0,0.0,6.0,0.0,3
12.0,1.0,-1.000088900581841e-12,0.0,0.0,0.0,0.0,0.0,0.0,0.0,94.0,0.0,0.0,0.0,0.0,0.0,0.0,0.0,0.0,0.0,0.0,0.0,0.0,0.0,0.0,0.0,3
28.0,2.0,0.6517565611706533,0.0,0.0,0.0,0.0,0.0,0.0,0.0,93.375,0.0,0.0,0.0,0.0,4.0,0.0,4.0,0.0,0.0,0.0,2.0,0.0,0.0,0.0,0.0,3
12.0,1.0,-1.000088900581841e-12,0.0,0.0,0.0,0.0,0.0,0.0,0.0,91.83333333333331,0.0,0.0,0.0,0.0,2.0,0.0,0.0,0.0,8.0,2.0,6.0,0.0,0.0,2.0,0.0,3
102.0,2.0,0.2749214224311039,0.0,0.0,0.0,0.0,0.0,0.0,0.0,89.84615384615384,0.0,0.0,0.0,0.0,4.0,0.0,4.0,0.0,0.0,0.0,54.0,0.0,0.0,6.0,0.0,3
38.0,1.0,-1.000088900581841e-12,0.0,0.0,0.0,0.0,0.0,0.0,0.0,85.33333333333333,0.0,0.0,0.0,0.0,0.0,0.0,0.0,0.0,0.0,0.0,2.0,0.0,0.0,0.0,0.0,3
40.0,2.0,0.4227090878039908,0.0,0.0,0.0,0.0,0.0,0.0,0.0,80.0,0.0,0.0,0.0,0.0,0.0,0.0,0.0,0.0,0.0,0.0,0.0,0.0,0.0,0.0,0.0,3
18.0,2.0,0.3488320958410319,0.0,0.0,0.0,0.0,0.0,0.0,0.0,78.0,0.0,0.0,0.0,0.0,2.0,0.0,2.0,0.0,0.0,0.0,0.0,0.0,0.0,0.0,0.0,3
120.0,3.0,0.636241076733493,0.0,0.0,0.0,0.0,0.0,0.0,0.0,76.63636363636364,0.0,0.0,0.0,0.0,4.0,0.0,4.0,0.0,0.0,0.0,0.0,0.0,0.0,0.0,0.0,3
34.0,2.0,0.6492483548688981,0.0,0.0,0.0,0.0,0.0,0.0,0.0,75.125,0.0,0.0,0.0,0.0,0.0,0.0,2.0,0.0,0.0,0.0,0.0,0.0,0.0,2.0,0.0,3
36.0,4.0,1.3014810683834344,0.0,0.0,0.0,0.0,0.0,0.0,0.0,72.25,0.0,0.0,0.0,0.0,4.0,0.0,4.0,0.0,0.0,0.0,0.0,0.0,0.0,0.0,0.0,3
12.0,1.0,-1.000088900581841e-12,0.0,0.0,0.0,0.0,0.0,0.0,0.0,71.0,0.0,0.0,0.0,0.0,0.0,0.0,0.0,0.0,0.0,0.0,0.0,0.0,0.0,0.0,0.0,3
12.0,1.0,-1.000088900581841e-12,0.0,0.0,0.0,0.0,0.0,0.0,0.0,70.16666666666667,0.0,0.0,0.0,0.0,0.0,0.0,2.0,0.0,0.0,0.0,2.0,0.0,0.0,2.0,0.0,3
12.0,1.0,-1.000088900581841e-12,0.0,0.0,0.0,0.0,0.0,0.0,0.0,69.16666666666667,0.0,0.0,0.0,0.0,0.0,0.0,0.0,0.0,0.0,0.0,0.0,0.0,0.0,0.0,0.0,3
18.0,2.0,0.5297061990556545,0.0,0.0,0.0,0.0,0.0,0.0,0.0,68.0,0.0,0.0,0.0,0.0,2.0,0.0,2.0,0.0,0.0,0.0,0.0,0.0,0.0,0.0,0.0,3
22.0,4.0,1.1685184057390878,0.0,0.0,0.0,0.0,0.0,0.0,0.0,66.0,0.0,0.0,0.0,0.0,6.0,0.0,8.0,0.0,0.0,0.0,0.0,0.0,0.0,0.0,0.0,3
28.0,3.0,1.0609442407877472,0.0,0.0,0.0,0.0,0.0,0.0,0.0,63.75,0.0,0.0,0.0,0.0,4.0,0.0,8.0,0.0,0.0,0.0,0.0,0.0,0.0,0.0,0.0,2
106.0,5.0,1.0064458687829831,0.0,0.0,0.0,0.0,0.0,0.0,0.0,61.75,0.0,0.0,0.0,0.0,2.0,0.0,2.0,0.0,0.0,0.0,8.0,0.0,0.0,2.0,0.0,3
12.0,1.0,-1.000088900581841e-12,0.0,0.0,0.0,0.0,0.0,0.0,0.0,38.16666666666666,0.0,0.0,0.0,0.0,0.0,0.0,6.0,0.0,0.0,0.0,0.0,0.0,0.0,0.0,0.0,3
34.0,2.0,0.6774944044467073,0.0,0.0,0.0,0.0,0.0,0.0,0.0,35.333333333333336,0.0,0.0,0.0,0.0,6.0,0.0,6.0,0.0,0.0,0.0,0.0,0.0,0.0,0.0,0.0,3
50.0,4.0,1.1184402194695315,0.0,0.0,0.0,0.0,0.0,0.0,0.0,30.285714285714285,0.0,0.0,0.0,2.0,6.0,0.0,8.0,0.0,0.0,0.0,16.0,0.0,0.0,2.0,0.0,3
24.0,4.0,1.126928794796676,0.0,0.0,0.0,0.0,0.0,0.0,0.0,26.714285714285715,0.0,0.0,0.0,0.0,2.0,0.0,8.0,0.0,0.0,0.0,0.0,0.0,0.0,0.0,0.0,3
188.0,2.0,0.3156311865477605,0.0,0.0,0.0,0.0,0.0,0.0,2.0,25.07692307692308,0.0,0.0,0.0,0.0,6.0,0.0,2.0,0.0,6.0,0.0,8.0,0.0,0.0,2.0,0.0,3
394.0,3.0,0.96154514650306,0.0,0.0,0.0,0.0,0.0,0.0,0.0,66.05,0.0,0.0,0.0,0.0,2.0,0.0,0.0,0.0,0.0,0.0,0.0,0.0,0.0,0.0,0.0,3
246.0,2.0,0.047220392301659,4.0,0.0,0.0,0.0,0.0,0.0,0.0,100.0,0.0,0.0,0.0,0.0,4.0,0.0,2.0,0.0,0.0,0.0,2.0,0.0,0.0,0.0,0.0,2
30.0,2.0,0.2449300267926353,0.0,0.0,0.0,0.0,0.0,0.0,0.0,58.833333333333336,0.0,0.0,0.0,0.0,4.0,0.0,4.0,0.0,0.0,0.0,0.0,0.0,0.0,0.0,0.0,2
12.0,1.0,-1.000088900581841e-12,0.0,0.0,0.0,0.0,0.0,0.0,0.0,56.333333333333336,0.0,0.0,0.0,0.0,0.0,0.0,2.0,0.0,0.0,0.0,2.0,0.0,0.0,0.0,0.0,2
36.0,3.0,1.0263306332914863,0.0,0.0,0.0,0.0,0.0,0.0,0.0,53.0,0.0,0.0,0.0,0.0,4.0,0.0,6.0,0.0,0.0,0.0,6.0,0.0,0.0,4.0,0.0,2
28.0,2.0,0.2573186405418316,0.0,0.0,0.0,0.0,0.0,0.0,0.0,48.285714285714285,0.0,0.0,0.0,0.0,2.0,0.0,4.0,0.0,0.0,0.0,4.0,0.0,0.0,0.0,0.0,2
38.0,3.0,1.0795295733225183,0.0,0.0,0.0,0.0,0.0,0.0,0.0,46.42857142857143,2.0,0.0,0.0,0.0,6.0,0.0,4.0,0.0,0.0,0.0,12.0,0.0,0.0,0.0,0.0,2
52.0,3.0,0.6870920273769716,0.0,0.0,0.0,0.0,0.0,0.0,0.0,42.2,0.0,0.0,0.0,0.0,0.0,0.0,0.0,0.0,0.0,0.0,0.0,0.0,0.0,0.0,0.0,2
8.0,1.0,-1.000088900581841e-12,0.0,0.0,0.0,0.0,0.0,0.0,0.0,40.0,2.0,0.0,0.0,0.0,0.0,0.0,0.0,0.0,0.0,0.0,0.0,0.0,0.0,0.0,0.0,2
56.0,5.0,1.4944032113746122,0.0,0.0,0.0,0.0,0.0,0.0,0.0,35.18181818181818,0.0,0.0,0.0,0.0,4.0,0.0,4.0,0.0,0.0,0.0,2.0,0.0,0.0,0.0,0.0,3
18.0,3.0,0.6837389058457535,0.0,0.0,0.0,0.0,0.0,0.0,0.0,30.0,0.0,0.0,0.0,0.0,4.0,0.0,10.0,0.0,0.0,0.0,0.0,0.0,0.0,0.0,0.0,3
246.0,4.0,1.2366073617884203,0.0,0.0,0.0,0.0,0.0,0.0,2.0,34.8,0.0,2.0,0.0,0.0,8.0,0.0,8.0,0.0,0.0,0.0,0.0,0.0,0.0,0.0,0.0,3
408.0,4.0,0.761322162714253,0.0,0.0,0.0,0.0,0.0,0.0,0.0,86.92307692307692,0.0,0.0,0.0,0.0,4.0,0.0,4.0,0.0,0.0,0.0,38.0,0.0,0.0,8.0,0.0,3
126.0,1.0,-1.000088900581841e-12,0.0,0.0,0.0,0.0,0.0,0.0,0.0,70.875,0.0,0.0,0.0,0.0,0.0,0.0,0.0,0.0,0.0,0.0,32.0,0.0,0.0,8.0,0.0,2
84.0,3.0,0.3027839382761754,0.0,0.0,0.0,0.0,0.0,0.0,0.0,49.333333333333336,0.0,0.0,0.0,2.0,2.0,0.0,2.0,0.0,0.0,0.0,22.0,0.0,0.0,2.0,0.0,1
58.0,6.0,1.5294076437005066,0.0,0.0,0.0,0.0,0.0,0.0,0.0,42.8,0.0,0.0,0.0,0.0,0.0,0.0,0.0,0.0,0.0,0.0,0.0,0.0,0.0,0.0,0.0,3
42.0,3.0,0.9403716526210744,0.0,0.0,0.0,0.0,0.0,0.0,0.0,25.571428571428573,0.0,0.0,0.0,0.0,4.0,0.0,6.0,0.0,0.0,0.0,0.0,0.0,0.0,0.0,0.0,3
142.0,4.0,1.2142849521776466,0.0,0.0,0.0,0.0,0.0,0.0,0.0,18.08333333333333,0.0,2.0,0.0,0.0,10.0,0.0,10.0,0.0,0.0,24.0,16.0,0.0,0.0,8.0,0.0,2
328.0,5.0,0.2869879411418443,0.0,0.0,0.0,0.0,0.0,0.0,2.0,26.6875,0.0,0.0,0.0,0.0,6.0,0.0,2.0,0.0,0.0,0.0,40.0,0.0,0.0,0.0,0.0,2
556.0,8.0,1.66501882641281,0.0,0.0,0.0,0.0,0.0,0.0,0.0,72.11538461538461,0.0,0.0,0.0,0.0,0.0,0.0,0.0,0.0,0.0,0.0,30.0,0.0,0.0,0.0,0.0,2
48.0,4.0,1.218980360227264,0.0,0.0,0.0,0.0,0.0,0.0,0.0,99.625,0.0,0.0,0.0,0.0,4.0,0.0,4.0,0.0,0.0,0.0,8.0,0.0,0.0,4.0,0.0,2
48.0,2.0,0.5623351446168083,0.0,0.0,0.0,0.0,0.0,0.0,0.0,95.71428571428572,0.0,0.0,0.0,0.0,2.0,0.0,2.0,0.0,0.0,0.0,12.0,0.0,0.0,0.0,0.0,3
38.0,4.0,1.3117166587202225,0.0,0.0,0.0,0.0,0.0,0.0,0.0,90.42857142857144,0.0,0.0,0.0,0.0,4.0,0.0,4.0,0.0,0.0,0.0,16.0,0.0,0.0,4.0,0.0,3
90.0,4.0,0.9991192935375116,0.0,0.0,0.0,0.0,0.0,0.0,0.0,85.77777777777777,0.0,0.0,0.0,0.0,4.0,0.0,4.0,0.0,0.0,0.0,14.0,0.0,0.0,2.0,0.0,3
48.0,4.0,0.961285752580596,0.0,0.0,0.0,0.0,0.0,0.0,0.0,80.83333333333333,0.0,0.0,0.0,0.0,4.0,0.0,6.0,0.0,0.0,0.0,10.0,0.0,0.0,0.0,0.0,2
298.0,1.0,-1.000088900581841e-12,0.0,0.0,0.0,0.0,0.0,0.0,2.0,36.35294117647059,0.0,0.0,0.0,0.0,0.0,0.0,0.0,0.0,0.0,0.0,2.0,0.0,0.0,0.0,0.0,2
46.0,1.0,-1.000088900581841e-12,0.0,0.0,0.0,0.0,0.0,0.0,0.0,81.8,0.0,0.0,0.0,0.0,0.0,0.0,0.0,0.0,0.0,0.0,0.0,0.0,0.0,0.0,0.0,2
16.0,1.0,-1.000088900581841e-12,0.0,0.0,0.0,0.0,0.0,0.0,0.0,98.16666666666669,0.0,0.0,0.0,0.0,0.0,0.0,0.0,0.0,8.0,2.0,10.0,0.0,0.0,4.0,0.0,2
12.0,1.0,-1.000088900581841e-12,0.0,0.0,0.0,0.0,0.0,0.0,0.0,95.66666666666669,0.0,0.0,0.0,0.0,0.0,0.0,2.0,0.0,0.0,0.0,0.0,0.0,0.0,0.0,0.0,2
10.0,1.0,-1.000088900581841e-12,0.0,0.0,0.0,0.0,0.0,0.0,0.0,91.5,0.0,0.0,0.0,0.0,2.0,0.0,4.0,0.0,0.0,0.0,0.0,0.0,0.0,0.0,0.0,2
610.0,5.0,1.0197313854589147,0.0,0.0,0.0,0.0,0.0,0.0,0.0,88.15384615384616,0.0,6.0,0.0,0.0,24.0,0.0,16.0,0.0,0.0,0.0,0.0,0.0,0.0,0.0,0.0,2
44.0,3.0,0.8454652292315643,0.0,0.0,0.0,0.0,0.0,0.0,0.0,98.22222222222224,0.0,0.0,0.0,6.0,24.0,0.0,14.0,0.0,0.0,0.0,0.0,0.0,0.0,0.0,0.0,3
54.0,4.0,0.8256554800917847,0.0,0.0,0.0,0.0,0.0,0.0,0.0,95.77777777777776,0.0,0.0,0.0,0.0,24.0,0.0,20.0,0.0,0.0,0.0,2.0,0.0,0.0,4.0,0.0,3
18.0,3.0,0.9950269901765214,0.0,0.0,0.0,0.0,0.0,0.0,0.0,88.83333333333333,0.0,0.0,0.0,0.0,12.0,0.0,12.0,0.0,0.0,0.0,0.0,0.0,0.0,0.0,0.0,3
18.0,2.0,0.6869615765953234,0.0,0.0,0.0,0.0,0.0,0.0,0.0,80.28571428571429,0.0,0.0,0.0,0.0,6.0,0.0,2.0,0.0,0.0,0.0,16.0,0.0,0.0,0.0,0.0,3
16.0,2.0,0.3767701612544368,0.0,0.0,0.0,0.0,0.0,0.0,0.0,79.0,0.0,0.0,0.0,0.0,6.0,0.0,8.0,0.0,0.0,0.0,0.0,0.0,0.0,0.0,0.0,4
20.0,2.0,0.6108643020528935,0.0,0.0,0.0,0.0,0.0,0.0,0.0,75.28571428571429,0.0,0.0,0.0,0.0,12.0,0.0,8.0,0.0,0.0,0.0,0.0,0.0,0.0,0.0,0.0,4
50.0,2.0,0.6268694575704263,0.0,0.0,0.0,0.0,0.0,0.0,0.0,72.875,0.0,0.0,0.0,0.0,6.0,0.0,4.0,0.0,0.0,0.0,0.0,0.0,0.0,0.0,0.0,2
12.0,1.0,-1.000088900581841e-12,0.0,0.0,0.0,0.0,0.0,0.0,0.0,72.0,0.0,0.0,0.0,0.0,0.0,0.0,6.0,0.0,0.0,0.0,0.0,0.0,0.0,0.0,0.0,3
36.0,2.0,0.5297061990556545,0.0,0.0,0.0,0.0,0.0,0.0,0.0,68.0,0.0,0.0,0.0,0.0,0.0,0.0,8.0,0.0,0.0,0.0,0.0,0.0,0.0,0.0,0.0,3
22.0,2.0,0.6890092384746587,0.0,0.0,0.0,0.0,0.0,0.0,0.0,67.0,0.0,0.0,0.0,0.0,12.0,0.0,10.0,0.0,0.0,0.0,2.0,0.0,0.0,0.0,0.0,3
66.0,5.0,1.091426978592255,0.0,0.0,0.0,0.0,0.0,0.0,0.0,64.625,0.0,0.0,0.0,0.0,18.0,0.0,14.0,0.0,0.0,0.0,0.0,0.0,0.0,0.0,0.0,3
28.0,2.0,0.5982695885832573,0.0,0.0,0.0,0.0,0.0,0.0,0.0,63.142857142857146,0.0,0.0,0.0,0.0,12.0,0.0,4.0,0.0,0.0,0.0,2.0,0.0,0.0,0.0,0.0,3
24.0,3.0,0.7214636866895116,0.0,0.0,0.0,0.0,0.0,0.0,0.0,61.42857142857143,0.0,0.0,0.0,0.0,6.0,0.0,8.0,0.0,0.0,0.0,0.0,0.0,0.0,0.0,0.0,3
4.0,1.0,-1.000088900581841e-12,0.0,0.0,0.0,0.0,0.0,0.0,0.0,61.0,4.0,0.0,0.0,0.0,0.0,0.0,0.0,0.0,0.0,0.0,0.0,0.0,0.0,0.0,0.0,3
0.0,0.0,0.0,0.0,0.0,0.0,0.0,0.0,0.0,0.0,61.0,6.0,0.0,0.0,0.0,0.0,0.0,0.0,0.0,0.0,0.0,2.0,0.0,0.0,0.0,0.0,3
0.0,0.0,0.0,0.0,0.0,0.0,0.0,0.0,0.0,0.0,61.0,0.0,0.0,0.0,0.0,0.0,0.0,0.0,0.0,0.0,0.0,0.0,0.0,0.0,0.0,0.0,3
0.0,0.0,0.0,0.0,0.0,0.0,0.0,0.0,0.0,0.0,60.0,6.0,0.0,0.0,0.0,0.0,0.0,0.0,0.0,0.0,0.0,2.0,0.0,0.0,0.0,0.0,3
0.0,0.0,0.0,0.0,0.0,0.0,0.0,0.0,0.0,0.0,59.0,0.0,0.0,0.0,0.0,0.0,0.0,0.0,0.0,0.0,0.0,0.0,0.0,0.0,0.0,0.0,3
0.0,0.0,0.0,0.0,0.0,0.0,0.0,0.0,0.0,0.0,59.0,0.0,0.0,0.0,0.0,0.0,0.0,0.0,0.0,0.0,0.0,0.0,0.0,0.0,0.0,0.0,3
0.0,0.0,0.0,0.0,0.0,0.0,0.0,0.0,0.0,0.0,59.0,0.0,0.0,0.0,0.0,0.0,0.0,0.0,0.0,0.0,0.0,0.0,0.0,0.0,0.0,0.0,3
48.0,2.0,0.2868359830541607,0.0,0.0,0.0,0.0,0.0,0.0,0.0,57.625,0.0,0.0,0.0,0.0,18.0,0.0,10.0,0.0,0.0,0.0,2.0,0.0,0.0,0.0,0.0,3
102.0,5.0,1.1772148680779455,0.0,0.0,0.0,0.0,0.0,0.0,0.0,47.92857142857143,0.0,0.0,0.0,0.0,22.0,0.0,10.0,0.0,0.0,0.0,34.0,0.0,0.0,4.0,0.0,3
44.0,4.0,1.2636544318780965,0.0,0.0,0.0,0.0,0.0,0.0,0.0,37.5,0.0,0.0,0.0,0.0,32.0,0.0,22.0,0.0,0.0,20.0,6.0,0.0,0.0,6.0,0.0,2
4.0,1.0,-1.000088900581841e-12,0.0,0.0,0.0,0.0,0.0,0.0,0.0,36.0,8.0,0.0,0.0,0.0,0.0,0.0,0.0,0.0,0.0,0.0,0.0,0.0,0.0,0.0,0.0,3
14.0,2.0,0.6829081046984717,0.0,0.0,0.0,0.0,0.0,0.0,0.0,34.0,0.0,0.0,0.0,0.0,8.0,0.0,4.0,0.0,0.0,0.0,0.0,0.0,0.0,0.0,0.0,3
14.0,2.0,0.6829081046984717,0.0,0.0,0.0,0.0,0.0,0.0,0.0,32.0,0.0,0.0,0.0,0.0,8.0,0.0,10.0,0.0,0.0,0.0,0.0,0.0,0.0,0.0,0.0,3
24.0,2.0,0.4505612088643047,0.0,0.0,0.0,0.0,0.0,0.0,0.0,24.83333333333333,0.0,0.0,0.0,0.0,8.0,0.0,6.0,0.0,0.0,0.0,0.0,0.0,0.0,0.0,0.0,3
16.0,2.0,0.6615632381559821,0.0,0.0,0.0,0.0,0.0,0.0,0.0,16.333333333333332,0.0,0.0,0.0,0.0,8.0,0.0,4.0,0.0,0.0,0.0,0.0,0.0,0.0,0.0,0.0,3
418.0,2.0,0.6931357338898795,0.0,0.0,0.0,0.0,0.0,0.0,0.0,32.57142857142857,0.0,0.0,0.0,0.0,8.0,0.0,4.0,0.0,0.0,0.0,0.0,0.0,0.0,0.0,0.0,3
272.0,3.0,0.7308178306839966,0.0,0.0,0.0,0.0,0.0,0.0,0.0,94.0,0.0,0.0,0.0,0.0,16.0,0.0,4.0,0.0,0.0,0.0,0.0,0.0,0.0,0.0,0.0,3
184.0,1.0,-1.000088900581841e-12,0.0,0.0,0.0,0.0,0.0,0.0,0.0,99.86666666666666,0.0,0.0,0.0,0.0,40.0,0.0,14.0,0.0,0.0,0.0,34.0,0.0,0.0,0.0,0.0,3
42.0,3.0,0.3805062184745959,0.0,0.0,0.0,0.0,0.0,0.0,0.0,95.75,0.0,0.0,0.0,0.0,16.0,0.0,8.0,18.0,0.0,0.0,4.0,0.0,0.0,4.0,0.0,3
90.0,5.0,1.4246177838602525,0.0,0.0,0.0,0.0,0.0,0.0,0.0,91.45454545454544,0.0,0.0,0.0,0.0,56.0,0.0,38.0,40.0,0.0,0.0,2.0,0.0,0.0,20.0,0.0,3
154.0,3.0,0.7949392571460435,0.0,0.0,0.0,0.0,0.0,0.0,0.0,83.71428571428571,0.0,0.0,0.0,0.0,40.0,0.0,20.0,36.0,0.0,0.0,0.0,0.0,0.0,22.0,0.0,3
40.0,3.0,1.0960673284438551,0.0,0.0,0.0,0.0,0.0,0.0,0.0,78.75,0.0,0.0,0.0,0.0,24.0,0.0,8.0,12.0,0.0,0.0,0.0,0.0,0.0,10.0,0.0,3
24.0,2.0,0.4505612088643047,0.0,0.0,0.0,0.0,0.0,0.0,0.0,75.83333333333333,0.0,0.0,0.0,0.0,8.0,0.0,8.0,0.0,0.0,0.0,0.0,0.0,0.0,0.0,0.0,2
36.0,1.0,-1.000088900581841e-12,0.0,0.0,0.0,0.0,0.0,0.0,0.0,67.375,0.0,0.0,0.0,0.0,2.0,0.0,4.0,0.0,0.0,0.0,0.0,0.0,0.0,0.0,0.0,2
44.0,3.0,1.070235949190081,0.0,0.0,0.0,0.0,0.0,0.0,0.0,66.125,0.0,0.0,0.0,0.0,6.0,0.0,8.0,0.0,0.0,0.0,0.0,0.0,0.0,0.0,0.0,2
16.0,1.0,-1.000088900581841e-12,0.0,0.0,0.0,0.0,0.0,0.0,0.0,62.66666666666666,0.0,0.0,0.0,0.0,4.0,0.0,8.0,0.0,0.0,0.0,0.0,0.0,0.0,0.0,0.0,3
26.0,3.0,0.8587409130032868,0.0,0.0,0.0,0.0,0.0,0.0,0.0,55.333333333333336,0.0,0.0,0.0,0.0,10.0,0.0,6.0,0.0,0.0,0.0,0.0,0.0,0.0,0.0,0.0,2
20.0,2.0,0.6108643020528935,0.0,0.0,0.0,0.0,0.0,0.0,0.0,53.5,0.0,0.0,0.0,0.0,6.0,0.0,4.0,0.0,0.0,0.0,0.0,0.0,0.0,0.0,0.0,2
14.0,1.0,-1.000088900581841e-12,0.0,0.0,0.0,0.0,0.0,0.0,0.0,50.85714285714285,0.0,0.0,0.0,0.0,6.0,0.0,6.0,0.0,0.0,0.0,0.0,0.0,0.0,0.0,0.0,2
10.0,1.0,-1.000088900581841e-12,0.0,0.0,0.0,0.0,0.0,0.0,0.0,50.0,0.0,0.0,0.0,0.0,0.0,0.0,0.0,0.0,0.0,0.0,0.0,0.0,0.0,0.0,0.0,2
44.0,2.0,0.535959889214217,0.0,0.0,0.0,0.0,0.0,0.0,0.0,49.333333333333336,0.0,0.0,0.0,0.0,12.0,0.0,10.0,0.0,0.0,0.0,2.0,0.0,0.0,0.0,0.0,2
12.0,1.0,-1.000088900581841e-12,0.0,0.0,0.0,0.0,0.0,0.0,0.0,48.66666666666666,0.0,0.0,0.0,0.0,0.0,0.0,4.0,0.0,0.0,0.0,0.0,0.0,0.0,0.0,0.0,2
10.0,1.0,-1.000088900581841e-12,0.0,0.0,0.0,0.0,0.0,0.0,0.0,48.0,6.0,0.0,0.0,0.0,6.0,0.0,4.0,0.0,0.0,0.0,0.0,0.0,0.0,0.0,0.0,2
8.0,1.0,-1.000088900581841e-12,0.0,0.0,0.0,0.0,0.0,0.0,0.0,47.0,6.0,0.0,0.0,0.0,0.0,0.0,0.0,0.0,0.0,0.0,2.0,0.0,0.0,0.0,0.0,2
0.0,0.0,0.0,0.0,0.0,0.0,0.0,0.0,0.0,0.0,46.5,6.0,0.0,0.0,0.0,0.0,0.0,0.0,0.0,0.0,0.0,2.0,0.0,0.0,0.0,0.0,2
0.0,0.0,0.0,0.0,0.0,0.0,0.0,0.0,0.0,0.0,46.0,0.0,0.0,0.0,0.0,0.0,0.0,0.0,0.0,0.0,0.0,0.0,0.0,0.0,0.0,0.0,2
112.0,3.0,0.7589367727590597,0.0,0.0,0.0,0.0,0.0,0.0,0.0,44.57142857142857,0.0,0.0,0.0,0.0,0.0,0.0,0.0,0.0,0.0,0.0,0.0,0.0,0.0,0.0,0.0,3
18.0,2.0,0.6365141682928128,0.0,0.0,0.0,0.0,0.0,0.0,0.0,75.0,6.0,0.0,0.0,0.0,18.0,0.0,0.0,0.0,0.0,0.0,0.0,0.0,0.0,0.0,0.0,3
14.0,1.0,-1.000088900581841e-12,0.0,0.0,0.0,0.0,0.0,0.0,0.0,74.0,0.0,6.0,0.0,0.0,6.0,0.0,4.0,0.0,0.0,0.0,0.0,0.0,0.0,0.0,0.0,3
18.0,3.0,1.0608569471550215,0.0,0.0,0.0,0.0,0.0,0.0,0.0,73.0,0.0,0.0,0.0,0.0,6.0,0.0,4.0,0.0,0.0,0.0,0.0,0.0,0.0,0.0,0.0,3
12.0,1.0,-1.000088900581841e-12,0.0,0.0,0.0,0.0,0.0,0.0,0.0,69.83333333333333,0.0,0.0,0.0,0.0,0.0,0.0,0.0,0.0,0.0,0.0,0.0,0.0,0.0,0.0,0.0,3
30.0,3.0,0.6277052571941504,0.0,0.0,0.0,0.0,0.0,0.0,0.0,66.42857142857143,0.0,0.0,0.0,0.0,18.0,0.0,10.0,0.0,0.0,0.0,0.0,0.0,0.0,0.0,0.0,3
10.0,1.0,-1.000088900581841e-12,0.0,0.0,0.0,0.0,0.0,0.0,0.0,62.0,0.0,0.0,0.0,0.0,0.0,0.0,0.0,0.0,0.0,0.0,0.0,0.0,0.0,0.0,0.0,3
82.0,2.0,0.4570445330355596,0.0,0.0,0.0,0.0,0.0,0.0,0.0,58.44444444444444,0.0,0.0,0.0,0.0,6.0,0.0,18.0,0.0,0.0,0.0,0.0,0.0,0.0,0.0,0.0,3
18.0,2.0,0.6365141682928128,0.0,0.0,0.0,0.0,0.0,0.0,0.0,56.57142857142857,0.0,0.0,0.0,0.0,6.0,0.0,4.0,0.0,0.0,0.0,0.0,0.0,0.0,0.0,0.0,2
0.0,0.0,0.0,0.0,0.0,0.0,0.0,0.0,0.0,0.0,56.0,6.0,0.0,0.0,0.0,0.0,0.0,0.0,0.0,0.0,0.0,0.0,0.0,0.0,0.0,0.0,3
