0.0,0.0,0.0,0.0,0.0,0.0,0.0,0.0,72.0,4.0,0.4643566259323561,0.0,0.0,100.0,0.0,0.0,0.0,0.0,0.0,0.0,0.0,7,0,0.5463659147869674,0.0,0.0,0.0,0.0,0.0,0.0,2
180.0,2.0,0.692159200826088,0.0,0.0,0.0,0.0,0.0,158.0,5.0,0.4124593487116392,0.0,0.0,100.0,0.0,0.0,0.0,0.0,88.0,1046.0,34.0,7,0,0.5463659147869674,127.27922061357856,90.0,0.0,0.0,0.0,0.0,2
714.0,4.0,1.0394815632833363,0.0,0.0,0.0,0.0,0.0,400.0,4.0,0.2876517783790455,0.0,0.0,97.38095238095238,0.0,0.0,0.0,0.0,354.0,8098.0,60.0,8,1,0.5463659147869674,371.3381208548349,298.0,0.0,0.0,0.0,0.0,2
718.0,2.0,0.0483051822207435,0.0,0.0,0.0,0.0,0.0,24.0,1.0,-1.000088900581841e-12,0.0,0.0,90.03333333333333,0.0,0.0,0.0,0.0,0.0,5936.0,0.0,9,1,0.5463659147869674,267.0199742840724,580.5,0.0,0.0,0.0,0.0,2
716.0,3.0,0.0384230976174689,0.0,0.0,0.0,0.0,0.0,116.0,5.0,0.831154056934491,0.0,0.0,83.0,0.0,0.0,0.0,0.0,0.0,6504.0,0.0,9,1,0.5463659147869674,3.415650255321286,714.5,0.0,0.0,0.0,0.0,3
710.0,3.0,0.8381137385096659,0.0,0.0,0.0,0.0,0.0,256.0,5.0,0.4270683612887714,0.0,0.0,77.86666666666666,0.0,0.0,0.0,0.0,188.0,6708.0,46.0,10,1,0.5463659147869674,4.123105625618832,713.5,0.0,0.0,0.0,0.0,2
710.0,3.0,0.95848647557993,0.0,0.0,0.0,0.0,0.0,164.0,3.0,0.4318194025818073,0.0,0.0,74.16666666666667,0.0,0.0,0.0,60.0,752.0,2268.0,86.0,10,1,0.5463659147869674,4.123105625618832,713.5,0.0,0.0,0.0,0.0,2
712.0,2.0,0.0193076542663995,0.0,0.0,0.0,0.0,0.0,20.0,5.0,1.5047882836761908,0.0,0.0,72.23076923076923,0.0,0.0,0.0,0.0,282.0,72.0,42.0,11,1,0.5463659147869674,2.8284271247478983,712.0,0.0,0.0,0.0,0.0,2
704.0,6.0,0.7580177604749805,0.0,0.0,0.0,0.0,0.0,8.0,3.0,1.039720770836918,0.0,0.0,71.0,0.0,0.0,0.0,0.0,94.0,6142.0,22.0,11,1,0.5463659147869674,3.464101615139133,709.0,0.0,0.0,0.0,0.0,2
708.0,8.0,0.9094374396747792,0.0,0.0,0.0,0.0,0.0,34.0,4.0,1.1806964403613152,0.0,0.0,66.875,0.0,0.0,0.0,0.0,470.0,4876.0,84.0,12,1,0.5463659147869674,3.4156502553212613,708.5,0.0,0.0,0.0,0.0,2
704.0,1.0,-1.000088900581841e-12,0.0,0.0,0.0,0.0,0.0,6.0,2.0,0.6365141682928128,0.0,0.0,63.833333333333336,0.0,0.0,0.0,0.0,0.0,0.0,0.0,12,1,0.5463659147869674,3.8297084310265967,707.0,0.0,0.0,0.0,0.0,3
468.0,1.0,-1.000088900581841e-12,0.0,0.0,0.0,0.0,0.0,10.0,2.0,0.6730116670072565,0.0,0.0,62.833333333333336,42.0,0.0,0.0,0.0,0.0,0.0,0.0,13,1,0.5463659147869674,118.68164699452626,646.0,0.0,0.0,0.0,0.0,2
0.0,0.0,0.0,0.0,0.0,0.0,0.0,0.0,12.0,1.0,-1.000088900581841e-12,0.0,0.0,61.5,0.0,0.0,0.0,0.0,0.0,0.0,0.0,13,1,0.5463659147869674,332.81826872934727,470.0,0.0,0.0,0.0,0.0,2
432.0,2.0,0.47223485738298,0.0,0.0,0.0,0.0,0.0,30.0,6.0,1.656551126690654,0.0,0.0,59.0,0.0,0.0,0.0,0.0,188.0,1932.0,22.0,14,1,0.5463659147869674,293.29166370696595,401.0,0.0,0.0,0.0,0.0,1
710.0,2.0,0.0969407922765023,0.0,0.0,0.0,0.0,0.0,58.0,3.0,0.4967963698474466,0.0,0.0,56.93333333333333,0.0,0.0,0.0,0.0,102.0,336.0,32.0,14,1,0.5463659147869674,295.36587480614617,402.5,0.0,0.0,0.0,0.0,2
706.0,3.0,0.0937686569197283,0.0,0.0,0.0,0.0,0.0,78.0,8.0,1.483790820866696,0.0,0.0,55.833333333333336,0.0,0.0,0.0,0.0,212.0,578.0,34.0,15,1,0.5463659147869674,334.357094536166,462.0,0.0,0.0,0.0,0.0,2
702.0,1.0,-1.000088900581841e-12,0.0,0.0,0.0,0.0,0.0,16.0,2.0,0.3767701612544368,0.0,0.0,55.0,0.0,0.0,0.0,0.0,0.0,0.0,0.0,15,1,0.5463659147869674,137.03892391093368,637.5,0.0,0.0,0.0,0.0,3
322.0,4.0,0.951836086718527,0.0,0.0,0.0,0.0,0.0,12.0,4.0,1.2424533248900005,0.0,0.0,54.22222222222222,22.0,0.0,0.0,0.0,106.0,4122.0,30.0,16,1,0.5463659147869674,192.02777576868056,610.0,0.0,0.0,0.0,0.0,2
708.0,4.0,0.267301298407453,0.0,0.0,0.0,0.0,0.0,28.0,5.0,1.376055285255417,0.0,0.0,50.4,0.0,0.0,0.0,0.0,0.0,8988.0,0.0,16,1,0.5463659147869674,191.6828978634592,609.5,0.0,0.0,0.0,0.0,3
704.0,1.0,-1.000088900581841e-12,0.0,0.0,0.0,0.0,0.0,40.0,6.0,1.27068172231898,0.0,0.0,48.16666666666666,0.0,0.0,0.0,0.0,0.0,0.0,0.0,17,1,0.5463659147869674,191.3495928050715,609.0,0.0,0.0,0.0,0.0,2
38.0,1.0,-1.000088900581841e-12,0.0,0.0,0.0,0.0,0.0,4.0,1.0,-1.000088900581841e-12,0.0,0.0,47.333333333333336,78.0,0.0,0.0,0.0,0.0,0.0,0.0,17,1,0.5463659147869674,325.07024881810804,443.0,0.0,0.0,0.0,0.0,2
642.0,3.0,0.0740339605566037,0.0,0.0,0.0,0.0,0.0,86.0,10.0,1.4845987795771474,0.0,0.0,46.0,0.0,0.0,0.0,0.0,318.0,482.0,40.0,18,1,0.5463659147869674,324.7419488352765,523.0,0.0,0.0,0.0,0.0,2
708.0,9.0,1.377845274429779,0.0,0.0,0.0,0.0,0.0,88.0,4.0,0.6811944027690755,0.0,0.0,40.64,0.0,0.0,0.0,0.0,0.0,10862.0,0.0,18,1,0.5463659147869674,324.7419488352765,523.0,0.0,0.0,0.0,0.0,2
714.0,7.0,0.786541107168065,0.0,0.0,0.0,0.0,0.0,52.0,4.0,1.102194958824186,0.0,0.0,33.48148148148148,0.0,0.0,0.0,0.0,452.0,8102.0,36.0,19,1,0.5463659147869674,326.6328213759297,525.5,0.0,0.0,0.0,0.0,3
0.0,0.0,0.0,0.0,0.0,0.0,0.0,0.0,10.0,3.0,1.054920167983144,0.0,0.0,99.83333333333331,0.0,0.0,0.0,0.0,0.0,0.0,0.0,0,0,0.5463659147869674,0.0,0.0,0.0,0.0,0.0,0.0,2
0.0,0.0,0.0,0.0,0.0,0.0,0.0,0.0,6.0,1.0,-1.000088900581841e-12,0.0,0.0,100.0,0.0,0.0,0.0,0.0,0.0,0.0,0.0,0,0,0.5463659147869674,0.0,0.0,0.0,0.0,0.0,0.0,2
0.0,0.0,0.0,0.0,0.0,0.0,0.0,0.0,4.0,1.0,-1.000088900581841e-12,0.0,0.0,100.0,0.0,0.0,0.0,0.0,0.0,0.0,0.0,1,0,0.5463659147869674,0.0,0.0,0.0,0.0,0.0,0.0,2
0.0,0.0,0.0,0.0,0.0,0.0,0.0,0.0,6.0,2.0,0.6365141682928128,0.0,0.0,100.0,0.0,0.0,0.0,0.0,0.0,0.0,0.0,1,0,0.5463659147869674,0.0,0.0,0.0,0.0,0.0,0.0,2
0.0,0.0,0.0,0.0,0.0,0.0,0.0,0.0,6.0,2.0,0.6365141682928128,0.0,0.0,100.0,0.0,0.0,0.0,0.0,0.0,0.0,0.0,2,0,0.5463659147869674,0.0,0.0,0.0,0.0,0.0,0.0,2
0.0,0.0,0.0,0.0,0.0,0.0,0.0,0.0,4.0,1.0,-1.000088900581841e-12,0.0,0.0,100.0,0.0,0.0,0.0,0.0,0.0,0.0,0.0,2,0,0.5463659147869674,0.0,0.0,0.0,0.0,0.0,0.0,2
0.0,0.0,0.0,0.0,0.0,0.0,0.0,0.0,0.0,0.0,0.0,0.0,0.0,100.0,0.0,0.0,0.0,0.0,0.0,0.0,0.0,3,0,0.5463659147869674,0.0,0.0,0.0,0.0,0.0,0.0,2
0.0,0.0,0.0,0.0,0.0,0.0,0.0,0.0,4.0,1.0,-1.000088900581841e-12,0.0,0.0,100.0,0.0,0.0,0.0,0.0,0.0,0.0,0.0,3,0,0.5463659147869674,0.0,0.0,0.0,0.0,0.0,0.0,2
0.0,0.0,0.0,0.0,0.0,0.0,0.0,0.0,4.0,1.0,-1.000088900581841e-12,0.0,0.0,100.0,0.0,0.0,0.0,0.0,0.0,0.0,0.0,4,0,0.5463659147869674,0.0,0.0,0.0,0.0,0.0,0.0,2
0.0,0.0,0.0,0.0,0.0,0.0,0.0,0.0,4.0,1.0,-1.000088900581841e-12,0.0,0.0,100.0,0.0,0.0,0.0,0.0,0.0,0.0,0.0,4,0,0.5463659147869674,0.0,0.0,0.0,0.0,0.0,0.0,3
0.0,0.0,0.0,0.0,0.0,0.0,0.0,0.0,4.0,1.0,-1.000088900581841e-12,0.0,0.0,100.0,0.0,0.0,0.0,0.0,0.0,0.0,0.0,5,0,0.5463659147869674,0.0,0.0,0.0,0.0,0.0,0.0,2
0.0,0.0,0.0,0.0,0.0,0.0,0.0,0.0,4.0,1.0,-1.000088900581841e-12,0.0,0.0,100.0,0.0,0.0,0.0,0.0,0.0,0.0,0.0,5,0,0.5463659147869674,0.0,0.0,0.0,0.0,0.0,0.0,2
0.0,0.0,0.0,0.0,0.0,0.0,0.0,0.0,6.0,1.0,-1.000088900581841e-12,0.0,0.0,100.0,0.0,0.0,0.0,0.0,0.0,0.0,0.0,6,0,0.5463659147869674,0.0,0.0,0.0,0.0,0.0,0.0,3
0.0,0.0,0.0,0.0,0.0,0.0,0.0,0.0,6.0,2.0,0.6365141682928128,0.0,0.0,100.0,0.0,0.0,0.0,0.0,0.0,0.0,0.0,6,0,0.5463659147869674,0.0,0.0,0.0,0.0,0.0,0.0,3
0.0,0.0,0.0,0.0,0.0,0.0,0.0,0.0,8.0,3.0,1.039720770836918,0.0,0.0,100.0,0.0,0.0,0.0,0.0,0.0,0.0,0.0,7,0,0.5463659147869674,0.0,0.0,0.0,0.0,0.0,0.0,2
122.0,3.0,0.9869328259506864,0.0,0.0,0.0,0.0,0.0,202.0,3.0,0.2665068689762789,0.0,0.0,100.0,0.0,56.0,0.0,86.0,232.0,1636.0,48.0,7,0,0.5463659147869674,61.0,30.5,0.0,0.0,0.0,0.0,4
708.0,3.0,0.235584829352614,0.0,0.0,0.0,0.0,0.0,238.0,7.0,0.5275424258053463,0.0,0.0,98.46153846153848,0.0,0.0,0.0,0.0,0.0,664.0,0.0,8,1,0.5463659147869674,338.58676879051256,207.5,0.0,0.0,0.0,0.0,3
710.0,1.0,-1.000088900581841e-12,0.0,0.0,0.0,0.0,0.0,32.0,1.0,-1.000088900581841e-12,0.0,0.0,98.0,0.0,0.0,0.0,0.0,0.0,0.0,0.0,8,1,0.5463659147869674,377.4246061577509,385.0,0.0,0.0,0.0,0.0,2
180.0,3.0,0.6564047668967437,0.0,0.0,0.0,0.0,0.0,28.0,6.0,1.7721393884315289,0.0,0.0,98.0,22.0,0.0,0.0,0.0,116.0,324.0,20.0,9,1,0.5463659147869674,323.031474214717,430.0,0.0,0.0,0.0,0.0,2
710.0,2.0,0.3520739601927626,0.0,0.0,0.0,0.0,0.0,14.0,3.0,0.9556998911095343,0.0,0.0,97.0,0.0,0.0,0.0,0.0,116.0,198.0,32.0,9,1,0.5463659147869674,264.66834592246454,577.0,0.0,0.0,0.0,0.0,3
714.0,5.0,1.3186236511438474,0.0,0.0,0.0,0.0,0.0,48.0,6.0,1.2326713884762266,0.0,0.0,93.71428571428572,0.0,0.0,0.0,0.0,232.0,4568.0,68.0,10,1,0.5463659147869674,265.6733583431605,578.5,0.0,0.0,0.0,0.0,2
714.0,1.0,-1.000088900581841e-12,0.0,0.0,0.0,0.0,0.0,6.0,2.0,0.6365141682928128,0.0,0.0,87.5909090909091,0.0,0.0,0.0,0.0,0.0,3878.0,0.0,10,1,0.5463659147869674,266.34000826011857,579.5,0.0,0.0,0.0,0.0,3
704.0,1.0,-1.000088900581841e-12,0.0,0.0,0.0,0.0,0.0,6.0,2.0,0.6365141682928128,0.0,0.0,85.5,0.0,0.0,0.0,0.0,0.0,0.0,0.0,11,1,0.5463659147869674,4.725815626255337,710.5,0.0,0.0,0.0,0.0,2
706.0,5.0,1.2091560189127588,0.0,0.0,0.0,0.0,0.0,214.0,5.0,0.5750070172383754,0.0,0.0,83.21052631578948,0.0,0.0,0.0,0.0,232.0,5064.0,70.0,11,1,0.5463659147869674,5.259911279355615,709.5,0.0,0.0,0.0,0.0,2
706.0,4.0,0.3240312373036372,0.0,0.0,0.0,0.0,0.0,66.0,4.0,0.6738870019025847,0.0,0.0,80.5,0.0,0.0,0.0,0.0,122.0,1472.0,52.0,12,1,0.5463659147869674,4.434711565219594,707.5,0.0,0.0,0.0,0.0,1
708.0,4.0,0.6258534397273247,0.0,0.0,0.0,0.0,0.0,68.0,2.0,0.4659992569590426,0.0,0.0,78.85714285714286,0.0,76.0,0.0,74.0,490.0,506.0,92.0,12,1,0.5463659147869674,1.6329931618633535,706.0,0.0,0.0,0.0,0.0,3
706.0,4.0,0.8150439117159143,0.0,0.0,0.0,0.0,0.0,178.0,4.0,0.2755891806823182,0.0,0.0,77.42857142857143,0.0,0.0,0.0,0.0,124.0,2016.0,34.0,13,1,0.5463659147869674,1.0000000000129128,706.5,0.0,0.0,0.0,0.0,3
712.0,4.0,0.7229980996831684,0.0,0.0,0.0,0.0,0.0,208.0,5.0,0.7128443586723742,0.0,0.0,72.77272727272727,0.0,0.0,0.0,0.0,496.0,7236.0,120.0,13,1,0.5463659147869674,2.8284271247507657,708.0,0.0,0.0,0.0,0.0,3
714.0,3.0,0.1556092121144104,0.0,0.0,0.0,0.0,0.0,96.0,3.0,0.4042481733643199,0.0,0.0,65.9,0.0,0.0,0.0,0.0,124.0,9500.0,48.0,14,1,0.5463659147869674,3.651483716704662,710.0,0.0,0.0,0.0,0.0,2
716.0,1.0,-1.000088900581841e-12,0.0,0.0,0.0,0.0,0.0,12.0,1.0,-1.000088900581841e-12,0.0,0.0,59.7,0.0,0.0,0.0,0.0,0.0,8470.0,0.0,14,1,0.5463659147869674,4.320493798941587,712.0,0.0,0.0,0.0,0.0,3
24.0,1.0,-1.000088900581841e-12,0.0,0.0,0.0,0.0,0.0,6.0,2.0,0.6365141682928128,0.0,0.0,53.7,0.0,0.0,0.0,0.0,0.0,9826.0,0.0,15,1,0.5463659147869674,345.0038647126532,541.5,0.0,0.0,0.0,0.0,3
418.0,2.0,0.3155168772386377,0.0,0.0,0.0,0.0,0.0,26.0,2.0,0.4293230219286162,0.0,0.0,47.1,0.0,0.0,0.0,0.0,0.0,8186.0,0.0,15,1,0.5463659147869674,327.4426158377475,468.0,0.0,0.0,0.0,0.0,3
714.0,1.0,-1.000088900581841e-12,0.0,0.0,0.0,0.0,0.0,4.0,1.0,-1.000088900581841e-12,0.0,0.0,40.73333333333333,0.0,0.0,0.0,0.0,0.0,9710.0,0.0,16,1,0.5463659147869674,327.4426158377475,468.0,0.0,0.0,0.0,0.0,2
336.0,1.0,-1.000088900581841e-12,0.0,0.0,0.0,0.0,0.0,22.0,4.0,1.2882523050189003,0.0,0.0,34.166666666666664,0.0,0.0,0.0,0.0,0.0,10138.0,0.0,16,1,0.5463659147869674,283.7111206844032,373.0,0.0,0.0,0.0,0.0,3
0.0,0.0,0.0,0.0,0.0,0.0,0.0,0.0,8.0,3.0,1.039720770836918,0.0,0.0,27.166666666666668,0.0,0.0,0.0,0.0,0.0,10852.0,0.0,17,1,0.5463659147869674,293.63242327781177,367.0,0.0,0.0,0.0,0.0,2
0.0,0.0,0.0,0.0,0.0,0.0,0.0,0.0,40.0,5.0,0.8953799046663389,0.0,0.0,21.133333333333333,0.0,0.0,0.0,0.0,0.0,542.0,0.0,17,1,0.5463659147869674,340.1308571711776,262.5,0.0,0.0,0.0,0.0,2
0.0,0.0,0.0,0.0,0.0,0.0,0.0,0.0,10.0,2.0,0.6730116670072565,0.0,0.0,17.217391304347824,0.0,0.0,0.0,0.0,0.0,0.0,0.0,18,1,0.5463659147869674,168.00000000000006,84.0,0.0,0.0,0.0,0.0,3
0.0,0.0,0.0,0.0,0.0,0.0,0.0,0.0,0.0,0.0,0.0,0.0,0.0,0.0,0.0,0.0,0.0,0.0,244.0,614.0,22.0,19,1,0.5463659147869674,0.0,0.0,0.0,0.0,0.0,0.0,3
28.0,1.0,-1.000088900581841e-12,0.0,0.0,0.0,0.0,0.0,2.0,1.0,-1.000088900581841e-12,0.0,120.0,20.0,0.0,0.0,0.0,0.0,732.0,422.0,26.0,19,1,0.5463659147869674,14.000000000000693,7.0,0.0,0.0,0.0,0.0,3
700.0,1.0,-1.000088900581841e-12,0.0,0.0,0.0,0.0,0.0,298.0,3.0,0.4509898713988803,0.0,0.0,29.5,0.0,0.0,0.0,0.0,0.0,0.0,0.0,20,1,0.5463659147869674,345.5854935227076,182.0,0.0,0.0,0.0,0.0,3
90.0,1.0,-1.000088900581841e-12,0.0,0.0,0.0,0.0,0.0,54.0,5.0,1.0734420609897175,0.0,0.0,48.23333333333333,0.0,0.0,0.0,0.0,0.0,0.0,0.0,20,1,0.5463659147869674,332.4670409729863,204.5,0.0,0.0,0.0,0.0,2
0.0,0.0,0.0,0.0,0.0,0.0,0.0,0.0,38.0,1.0,-1.000088900581841e-12,0.0,0.0,66.93333333333334,0.0,0.0,0.0,0.0,0.0,0.0,0.0,21,0,0.5463659147869674,332.4670409729863,204.5,0.0,0.0,0.0,0.0,3
676.0,2.0,0.4979316766715701,0.0,0.0,0.0,0.0,0.0,16.0,4.0,1.3208883431453222,0.0,0.0,76.3157894736842,0.0,0.0,0.0,0.0,248.0,3844.0,30.0,21,0,0.5463659147869674,373.1786882089241,366.5,0.0,0.0,0.0,0.0,3
708.0,1.0,-1.000088900581841e-12,0.0,0.0,0.0,0.0,0.0,8.0,3.0,1.039720770836918,0.0,0.0,76.0,0.0,0.0,0.0,0.0,0.0,0.0,0.0,22,0,0.5463659147869674,375.5755583101755,368.5,0.0,0.0,0.0,0.0,3
166.0,1.0,-1.000088900581841e-12,0.0,0.0,0.0,0.0,0.0,2.0,1.0,-1.000088900581841e-12,0.0,0.0,76.0,26.0,0.0,0.0,0.0,0.0,0.0,0.0,22,0,0.5463659147869674,358.3159685715017,387.5,0.0,0.0,0.0,0.0,3
0.0,0.0,0.0,0.0,0.0,0.0,0.0,0.0,0.0,0.0,0.0,0.0,0.0,75.66666666666667,0.0,0.0,0.0,0.0,0.0,0.0,0.0,23,0,0.5463659147869674,358.3159685715017,387.5,0.0,0.0,0.0,0.0,2
0.0,0.0,0.0,0.0,0.0,0.0,0.0,0.0,12.0,2.0,0.6365141682928128,0.0,0.0,75.0,84.0,0.0,0.0,0.0,0.0,0.0,0.0,23,0,0.5463659147869674,335.58456460332025,218.5,0.0,0.0,0.0,0.0,2
0.0,0.0,0.0,0.0,0.0,0.0,0.0,0.0,0.0,0.0,0.0,0.0,0.0,74.5,0.0,0.0,0.0,0.0,0.0,0.0,0.0,0,0,0.5463659147869674,83.00000000000016,41.5,0.0,0.0,0.0,0.0,2
0.0,0.0,0.0,0.0,0.0,0.0,0.0,0.0,0.0,0.0,0.0,0.0,0.0,74.0,0.0,0.0,0.0,0.0,0.0,0.0,0.0,0,0,0.5463659147869674,0.0,0.0,0.0,0.0,0.0,0.0,4
0.0,0.0,0.0,0.0,0.0,0.0,0.0,0.0,0.0,0.0,0.0,0.0,0.0,73.0,0.0,0.0,0.0,0.0,0.0,0.0,0.0,1,0,0.5463659147869674,0.0,0.0,0.0,0.0,0.0,0.0,3
0.0,0.0,0.0,0.0,0.0,0.0,0.0,0.0,14.0,2.0,0.5982695885832573,0.0,0.0,72.83333333333333,86.0,0.0,0.0,0.0,0.0,0.0,0.0,1,0,0.5463659147869674,0.0,0.0,0.0,0.0,0.0,0.0,3
0.0,0.0,0.0,0.0,0.0,0.0,0.0,0.0,0.0,0.0,0.0,0.0,0.0,72.0,0.0,0.0,0.0,0.0,0.0,0.0,0.0,2,0,0.5463659147869674,0.0,0.0,0.0,0.0,0.0,0.0,3
0.0,0.0,0.0,0.0,0.0,0.0,0.0,0.0,0.0,0.0,0.0,0.0,0.0,72.0,0.0,0.0,0.0,0.0,0.0,0.0,0.0,2,0,0.5463659147869674,0.0,0.0,0.0,0.0,0.0,0.0,3
0.0,0.0,0.0,0.0,0.0,0.0,0.0,0.0,0.0,0.0,0.0,0.0,0.0,71.0,0.0,0.0,0.0,0.0,0.0,0.0,0.0,3,0,0.5463659147869674,0.0,0.0,0.0,0.0,0.0,0.0,3
0.0,0.0,0.0,0.0,0.0,0.0,0.0,0.0,0.0,0.0,0.0,0.0,0.0,70.83333333333333,0.0,0.0,0.0,0.0,0.0,0.0,0.0,3,0,0.5463659147869674,0.0,0.0,0.0,0.0,0.0,0.0,3
0.0,0.0,0.0,0.0,0.0,0.0,0.0,0.0,0.0,0.0,0.0,0.0,0.0,70.0,0.0,0.0,0.0,0.0,0.0,0.0,0.0,4,0,0.5463659147869674,0.0,0.0,0.0,0.0,0.0,0.0,3
0.0,0.0,0.0,0.0,0.0,0.0,0.0,0.0,0.0,0.0,0.0,0.0,0.0,69.0,0.0,0.0,0.0,0.0,0.0,0.0,0.0,4,0,0.5463659147869674,0.0,0.0,0.0,0.0,0.0,0.0,2
0.0,0.0,0.0,0.0,0.0,0.0,0.0,0.0,0.0,0.0,0.0,0.0,0.0,68.16666666666667,0.0,0.0,0.0,0.0,0.0,0.0,0.0,5,0,0.5463659147869674,0.0,0.0,0.0,0.0,0.0,0.0,3
0.0,0.0,0.0,0.0,0.0,0.0,0.0,0.0,4.0,1.0,-1.000088900581841e-12,0.0,0.0,61.0,0.0,0.0,0.0,0.0,0.0,0.0,0.0,8,1,0.5463659147869674,0.0,0.0,0.0,0.0,0.0,0.0,3
0.0,0.0,0.0,0.0,0.0,0.0,0.0,0.0,0.0,0.0,0.0,0.0,0.0,60.0,0.0,0.0,0.0,0.0,0.0,0.0,0.0,8,1,0.5463659147869674,0.0,0.0,0.0,0.0,0.0,0.0,2
462.0,2.0,0.511016781976249,0.0,0.0,0.0,0.0,0.0,40.0,6.0,1.27068172231898,0.0,0.0,57.55555555555556,0.0,0.0,0.0,0.0,264.0,3832.0,26.0,9,1,0.5463659147869674,231.00000000000009,115.5,0.0,0.0,0.0,0.0,3
0.0,0.0,0.0,0.0,0.0,0.0,0.0,0.0,6.0,2.0,0.6365141682928128,0.0,0.0,100.0,0.0,0.0,0.0,0.0,0.0,0.0,0.0,1,0,0.5463659147869674,0.0,0.0,0.0,0.0,0.0,0.0,2
0.0,0.0,0.0,0.0,0.0,0.0,0.0,0.0,4.0,1.0,-1.000088900581841e-12,0.0,0.0,100.0,0.0,0.0,0.0,0.0,0.0,0.0,0.0,2,0,0.5463659147869674,0.0,0.0,0.0,0.0,0.0,0.0,2
0.0,0.0,0.0,0.0,0.0,0.0,0.0,0.0,4.0,1.0,-1.000088900581841e-12,0.0,0.0,100.0,0.0,0.0,0.0,0.0,0.0,0.0,0.0,2,0,0.5463659147869674,0.0,0.0,0.0,0.0,0.0,0.0,3
0.0,0.0,0.0,0.0,0.0,0.0,0.0,0.0,4.0,1.0,-1.000088900581841e-12,0.0,0.0,100.0,0.0,0.0,0.0,0.0,0.0,0.0,0.0,3,0,0.5463659147869674,0.0,0.0,0.0,0.0,0.0,0.0,2
0.0,0.0,0.0,0.0,0.0,0.0,0.0,0.0,4.0,1.0,-1.000088900581841e-12,0.0,0.0,100.0,0.0,0.0,0.0,0.0,0.0,0.0,0.0,3,0,0.5463659147869674,0.0,0.0,0.0,0.0,0.0,0.0,2
0.0,0.0,0.0,0.0,0.0,0.0,0.0,0.0,4.0,1.0,-1.000088900581841e-12,0.0,0.0,100.0,0.0,0.0,0.0,0.0,0.0,0.0,0.0,4,0,0.5463659147869674,0.0,0.0,0.0,0.0,0.0,0.0,2
0.0,0.0,0.0,0.0,0.0,0.0,0.0,0.0,4.0,1.0,-1.000088900581841e-12,0.0,0.0,100.0,0.0,0.0,0.0,0.0,0.0,0.0,0.0,4,0,0.5463659147869674,0.0,0.0,0.0,0.0,0.0,0.0,3
0.0,0.0,0.0,0.0,0.0,0.0,0.0,0.0,4.0,1.0,-1.000088900581841e-12,0.0,0.0,100.0,0.0,0.0,0.0,0.0,0.0,0.0,0.0,5,0,0.5463659147869674,0.0,0.0,0.0,0.0,0.0,0.0,2
0.0,0.0,0.0,0.0,0.0,0.0,0.0,0.0,6.0,2.0,0.6365141682928128,0.0,0.0,100.0,0.0,0.0,0.0,0.0,0.0,0.0,0.0,5,0,0.5463659147869674,0.0,0.0,0.0,0.0,0.0,0.0,2
0.0,0.0,0.0,0.0,0.0,0.0,0.0,0.0,0.0,0.0,0.0,0.0,0.0,100.0,0.0,0.0,0.0,0.0,0.0,0.0,0.0,6,0,0.5463659147869674,0.0,0.0,0.0,0.0,0.0,0.0,2
0.0,0.0,0.0,0.0,0.0,0.0,0.0,0.0,4.0,1.0,-1.000088900581841e-12,0.0,0.0,100.0,0.0,0.0,0.0,0.0,0.0,0.0,0.0,6,0,0.5463659147869674,0.0,0.0,0.0,0.0,0.0,0.0,2
0.0,0.0,0.0,0.0,0.0,0.0,0.0,0.0,12.0,4.0,1.3296613488507585,0.0,0.0,100.0,0.0,0.0,0.0,0.0,0.0,0.0,0.0,7,0,0.5463659147869674,0.0,0.0,0.0,0.0,0.0,0.0,3
234.0,1.0,-1.000088900581841e-12,0.0,0.0,0.0,0.0,0.0,164.0,3.0,0.5670813210481117,0.0,0.0,100.0,0.0,0.0,0.0,0.0,136.0,0.0,0.0,7,0,0.5463659147869674,117.00000000000009,58.5,0.0,0.0,0.0,0.0,3
706.0,1.0,-1.000088900581841e-12,0.0,0.0,0.0,0.0,0.0,112.0,5.0,0.4198266616219259,0.0,0.0,100.0,0.0,0.0,0.0,0.0,136.0,0.0,0.0,8,1,0.5463659147869674,332.8122593895844,235.0,0.0,0.0,0.0,0.0,3
706.0,1.0,-1.000088900581841e-12,0.0,0.0,0.0,0.0,0.0,10.0,3.0,1.054920167983144,0.0,0.0,100.0,0.0,0.0,0.0,0.0,136.0,0.0,0.0,8,1,0.5463659147869674,353.2227814472523,411.5,0.0,0.0,0.0,0.0,2
708.0,1.0,-1.000088900581841e-12,0.0,0.0,0.0,0.0,0.0,112.0,7.0,0.929901547736241,0.0,0.0,100.0,0.0,0.0,0.0,0.0,0.0,0.0,0.0,9,1,0.5463659147869674,236.335213908832,588.5,0.0,0.0,0.0,0.0,2
710.0,5.0,0.6609835635226843,0.0,0.0,0.0,0.0,0.0,78.0,11.0,1.7298038260516126,0.0,0.0,99.625,0.0,0.0,0.0,0.0,408.0,1650.0,110.0,9,1,0.5463659147869674,1.9148542155270392,707.5,0.0,0.0,0.0,0.0,3
710.0,3.0,0.7068226464971534,0.0,0.0,0.0,0.0,0.0,362.0,4.0,0.1290782631585791,0.0,0.0,96.5,0.0,0.0,0.0,0.0,136.0,1966.0,0.0,10,1,0.5463659147869674,1.9148542155270392,708.5,0.0,0.0,0.0,0.0,3
710.0,3.0,0.4608668410641136,0.0,0.0,0.0,0.0,0.0,38.0,5.0,1.1285962936572185,0.0,0.0,94.77777777777776,0.0,0.0,0.0,0.0,136.0,1580.0,32.0,10,1,0.5463659147869674,1.0000000000274838,709.5,0.0,0.0,0.0,0.0,2
712.0,4.0,0.8561072671481605,0.0,0.0,0.0,0.0,0.0,382.0,3.0,0.0654138162830413,0.0,0.0,91.1904761904762,0.0,0.0,0.0,0.0,0.0,3238.0,0.0,11,1,0.5463659147869674,1.0000000000274838,710.5,0.0,0.0,0.0,0.0,3
710.0,2.0,0.6718529676199005,0.0,0.0,0.0,0.0,0.0,368.0,2.0,0.0599601521227647,0.0,0.0,88.33333333333333,0.0,0.0,0.0,0.0,136.0,194.0,46.0,11,1,0.5463659147869674,1.0000000000274838,710.5,0.0,0.0,0.0,0.0,2
706.0,6.0,1.4991444942982757,0.0,0.0,0.0,0.0,0.0,82.0,5.0,1.0780618626943186,0.0,0.0,86.1,0.0,0.0,0.0,0.0,544.0,3328.0,72.0,12,1,0.5463659147869674,2.5166114784344966,709.5,0.0,0.0,0.0,0.0,2
710.0,1.0,-1.000088900581841e-12,0.0,0.0,0.0,0.0,0.0,32.0,2.0,0.5623351446168083,0.0,0.0,84.0,0.0,0.0,0.0,0.0,136.0,0.0,0.0,12,1,0.5463659147869674,2.5166114784344966,709.5,0.0,0.0,0.0,0.0,2
706.0,3.0,0.6896835455607242,0.0,0.0,0.0,0.0,0.0,64.0,5.0,1.1900763072031852,0.0,0.0,82.05882352941177,0.0,0.0,0.0,0.0,272.0,5044.0,30.0,13,1,0.5463659147869674,2.309401076770384,708.0,0.0,0.0,0.0,0.0,1
702.0,1.0,-1.000088900581841e-12,0.0,0.0,0.0,0.0,0.0,10.0,2.0,0.6730116670072565,0.0,0.0,79.66666666666667,0.0,0.0,0.0,0.0,0.0,0.0,0.0,13,1,0.5463659147869674,3.2659863237193165,706.0,0.0,0.0,0.0,0.0,2
710.0,2.0,0.1283187055135296,0.0,0.0,0.0,0.0,0.0,66.0,4.0,0.9013708189176756,0.0,0.0,77.0,0.0,0.0,0.0,0.0,142.0,690.0,28.0,14,1,0.5463659147869674,3.829708431032527,707.0,0.0,0.0,0.0,0.0,3
708.0,1.0,-1.000088900581841e-12,0.0,0.0,0.0,0.0,0.0,18.0,3.0,0.8486855577234171,0.0,0.0,75.0,0.0,0.0,0.0,0.0,0.0,0.0,0.0,14,1,0.5463659147869674,3.41565025532791,706.5,0.0,0.0,0.0,0.0,2
20.0,1.0,-1.000088900581841e-12,0.0,0.0,0.0,0.0,0.0,16.0,4.0,1.3862943611158909,0.0,0.0,74.66666666666667,78.0,0.0,0.0,0.0,0.0,0.0,0.0,15,1,0.5463659147869674,343.35016139989415,535.0,0.0,0.0,0.0,0.0,3
566.0,3.0,0.0976594522321929,0.0,0.0,0.0,0.0,0.0,98.0,5.0,0.72835298965825,0.0,0.0,72.76470588235294,0.0,0.0,0.0,0.0,284.0,1416.0,54.0,15,1,0.5463659147869674,327.67666990495377,501.0,0.0,0.0,0.0,0.0,2
716.0,1.0,-1.000088900581841e-12,0.0,0.0,0.0,0.0,0.0,20.0,3.0,0.9502705392302344,0.0,0.0,69.66666666666667,0.0,0.0,0.0,0.0,0.0,418.0,0.0,16,1,0.5463659147869674,328.9635238138114,502.5,0.0,0.0,0.0,0.0,3
714.0,1.0,-1.000088900581841e-12,0.0,0.0,0.0,0.0,0.0,68.0,4.0,0.6598720137808266,0.0,0.0,65.83333333333333,0.0,0.0,0.0,0.0,0.0,2026.0,0.0,16,1,0.5463659147869674,330.22416628708453,504.0,0.0,0.0,0.0,0.0,3
708.0,1.0,-1.000088900581841e-12,0.0,0.0,0.0,0.0,0.0,108.0,6.0,0.8658282224748745,0.0,0.0,62.36842105263158,0.0,0.0,0.0,0.0,0.0,136.0,0.0,17,1,0.5463659147869674,73.41207893346542,676.0,0.0,0.0,0.0,0.0,3
706.0,2.0,0.4421045420687153,0.0,0.0,0.0,0.0,0.0,52.0,8.0,1.664112622567956,0.0,0.0,58.22222222222222,0.0,0.0,0.0,0.0,284.0,280.0,38.0,17,1,0.5463659147869674,4.760952285698071,711.0,0.0,0.0,0.0,0.0,3
710.0,3.0,0.2698802465740605,0.0,0.0,0.0,0.0,0.0,14.0,4.0,1.15374194269709,0.0,0.0,55.48,0.0,0.0,0.0,0.0,0.0,1602.0,0.0,18,1,0.5463659147869674,3.415650255323829,709.5,0.0,0.0,0.0,0.0,3
708.0,1.0,-1.000088900581841e-12,0.0,0.0,0.0,0.0,0.0,0.0,0.0,0.0,0.0,0.0,54.0,0.0,0.0,0.0,0.0,0.0,0.0,0.0,18,1,0.5463659147869674,1.6329931618637423,708.0,0.0,0.0,0.0,0.0,3
344.0,1.0,-1.000088900581841e-12,0.0,0.0,0.0,0.0,0.0,16.0,2.0,0.5623351446168083,0.0,0.0,53.333333333333336,88.0,0.0,0.0,0.0,0.0,0.0,0.0,19,1,0.5463659147869674,182.0073258598859,617.0,0.0,0.0,0.0,0.0,3
576.0,2.0,0.671286017702347,0.0,0.0,0.0,0.0,0.0,134.0,5.0,0.4205747919708651,0.0,0.0,51.833333333333336,0.0,0.0,0.0,0.0,592.0,3026.0,24.0,19,1,0.5463659147869674,172.15787328302287,584.5,0.0,0.0,0.0,0.0,3
708.0,1.0,-1.000088900581841e-12,0.0,0.0,0.0,0.0,0.0,8.0,4.0,1.3862943611158909,0.0,0.0,49.125,0.0,0.0,0.0,0.0,148.0,0.0,0.0,20,1,0.5463659147869674,171.67410987099956,584.0,0.0,0.0,0.0,0.0,3
656.0,1.0,-1.000088900581841e-12,0.0,0.0,0.0,0.0,0.0,22.0,4.0,1.2406842919493957,0.0,0.0,48.0,70.0,0.0,0.0,0.0,0.0,0.0,0.0,20,1,0.5463659147869674,160.7772786600562,571.0,0.0,0.0,0.0,0.0,3
0.0,0.0,0.0,0.0,0.0,0.0,0.0,0.0,16.0,5.0,1.559581156254877,0.0,0.0,48.0,106.0,0.0,0.0,0.0,148.0,0.0,0.0,21,0,0.5463659147869674,327.8597261024904,485.0,0.0,0.0,0.0,0.0,2
0.0,0.0,0.0,0.0,0.0,0.0,0.0,0.0,4.0,1.0,-1.000088900581841e-12,0.0,0.0,47.0,0.0,0.0,0.0,0.0,148.0,0.0,0.0,21,0,0.5463659147869674,394.3247392695519,341.0,0.0,0.0,0.0,0.0,3
566.0,2.0,0.4260654609737425,0.0,0.0,0.0,0.0,0.0,8.0,2.0,0.6931471805579453,0.0,0.0,45.0,0.0,0.0,0.0,0.0,148.0,2980.0,40.0,22,0,0.5463659147869674,354.66932956393816,305.5,0.0,0.0,0.0,0.0,3
706.0,1.0,-1.000088900581841e-12,0.0,0.0,0.0,0.0,0.0,4.0,1.0,-1.000088900581841e-12,0.0,0.0,43.333333333333336,0.0,0.0,0.0,0.0,0.0,0.0,0.0,22,0,0.5463659147869674,371.6162895604372,318.0,0.0,0.0,0.0,0.0,3
236.0,1.0,-1.000088900581841e-12,0.0,0.0,0.0,0.0,0.0,2.0,1.0,-1.000088900581841e-12,0.0,0.0,42.66666666666666,68.0,0.0,0.0,0.0,0.0,0.0,0.0,23,0,0.5463659147869674,319.3597762190265,377.0,0.0,0.0,0.0,0.0,3
0.0,0.0,0.0,0.0,0.0,0.0,0.0,0.0,0.0,0.0,0.0,0.0,0.0,42.0,0.0,0.0,0.0,0.0,0.0,0.0,0.0,23,0,0.5463659147869674,319.3597762190265,377.0,0.0,0.0,0.0,0.0,3
0.0,0.0,0.0,0.0,0.0,0.0,0.0,0.0,100.0,3.0,0.6350047569370392,0.0,0.0,41.0,84.0,0.0,0.0,0.0,0.0,0.0,0.0,0,0,0.5463659147869674,332.811758606373,235.5,0.0,0.0,0.0,0.0,3
0.0,0.0,0.0,0.0,0.0,0.0,0.0,0.0,0.0,0.0,0.0,0.0,0.0,40.0,0.0,0.0,0.0,0.0,0.0,0.0,0.0,0,0,0.5463659147869674,118.0000000000001,59.0,0.0,0.0,0.0,0.0,2
0.0,0.0,0.0,0.0,0.0,0.0,0.0,0.0,0.0,0.0,0.0,0.0,0.0,39.5,0.0,0.0,0.0,0.0,0.0,0.0,0.0,1,0,0.5463659147869674,0.0,0.0,0.0,0.0,0.0,0.0,3
0.0,0.0,0.0,0.0,0.0,0.0,0.0,0.0,0.0,0.0,0.0,0.0,0.0,39.0,0.0,0.0,0.0,0.0,0.0,0.0,0.0,1,0,0.5463659147869674,0.0,0.0,0.0,0.0,0.0,0.0,3
0.0,0.0,0.0,0.0,0.0,0.0,0.0,0.0,26.0,2.0,0.5402041423868609,0.0,0.0,31.666666666666668,50.0,0.0,0.0,0.0,0.0,0.0,0.0,6,0,0.5463659147869674,0.0,0.0,0.0,0.0,0.0,0.0,2
0.0,0.0,0.0,0.0,0.0,0.0,0.0,0.0,0.0,0.0,0.0,0.0,0.0,31.0,0.0,0.0,0.0,0.0,0.0,0.0,0.0,6,0,0.5463659147869674,0.0,0.0,0.0,0.0,0.0,0.0,3
0.0,0.0,0.0,0.0,0.0,0.0,0.0,0.0,6.0,2.0,0.6365141682928128,0.0,0.0,30.166666666666668,0.0,0.0,0.0,0.0,0.0,0.0,0.0,7,0,0.5463659147869674,0.0,0.0,0.0,0.0,0.0,0.0,3
608.0,2.0,0.1216924026760619,0.0,0.0,0.0,0.0,0.0,108.0,5.0,0.7481701454026068,0.0,0.0,27.625,0.0,0.0,0.0,0.0,154.0,1436.0,36.0,8,1,0.5463659147869674,304.0,152.0,0.0,0.0,0.0,0.0,2
708.0,1.0,-1.000088900581841e-12,0.0,0.0,0.0,0.0,0.0,2.0,1.0,-1.000088900581841e-12,0.0,0.0,26.0,0.0,0.0,0.0,0.0,0.0,0.0,0.0,8,1,0.5463659147869674,382.0837604505065,329.0,0.0,0.0,0.0,0.0,3
118.0,1.0,-1.000088900581841e-12,0.0,0.0,0.0,0.0,0.0,46.0,2.0,0.2954391918701161,0.0,0.0,25.0,56.0,0.0,0.0,0.0,0.0,0.0,0.0,9,1,0.5463659147869674,351.5503757168618,358.5,0.0,0.0,0.0,0.0,2
0.0,0.0,0.0,0.0,0.0,0.0,0.0,0.0,8.0,1.0,-1.000088900581841e-12,0.0,0.0,24.166666666666668,0.0,0.0,0.0,0.0,0.0,0.0,0.0,9,1,0.5463659147869674,351.5503757168618,358.5,0.0,0.0,0.0,0.0,3
0.0,0.0,0.0,0.0,0.0,0.0,0.0,0.0,22.0,5.0,1.5157079520807129,0.0,0.0,23.166666666666668,70.0,0.0,0.0,0.0,0.0,0.0,0.0,10,1,0.5463659147869674,338.92919614574373,206.5,0.0,0.0,0.0,0.0,1
0.0,0.0,0.0,0.0,0.0,0.0,0.0,0.0,0.0,0.0,0.0,0.0,0.0,22.0,0.0,0.0,0.0,0.0,0.0,0.0,0.0,10,1,0.5463659147869674,59.00000000000022,29.5,0.0,0.0,0.0,0.0,2
0.0,0.0,0.0,0.0,0.0,0.0,0.0,0.0,10.0,3.0,1.054920167983144,0.0,0.0,21.33333333333333,0.0,0.0,0.0,0.0,0.0,0.0,0.0,11,1,0.5463659147869674,0.0,0.0,0.0,0.0,0.0,0.0,3
0.0,0.0,0.0,0.0,0.0,0.0,0.0,0.0,0.0,0.0,0.0,0.0,0.0,20.666666666666668,0.0,0.0,0.0,0.0,0.0,0.0,0.0,11,1,0.5463659147869674,0.0,0.0,0.0,0.0,0.0,0.0,3
0.0,0.0,0.0,0.0,0.0,0.0,0.0,0.0,32.0,5.0,1.353591352129606,0.0,0.0,19.166666666666668,72.0,0.0,0.0,0.0,0.0,0.0,0.0,12,1,0.5463659147869674,0.0,0.0,0.0,0.0,0.0,0.0,3
0.0,0.0,0.0,0.0,0.0,0.0,0.0,0.0,4.0,1.0,-1.000088900581841e-12,0.0,0.0,18.0,0.0,0.0,0.0,0.0,0.0,0.0,0.0,12,1,0.5463659147869674,0.0,0.0,0.0,0.0,0.0,0.0,2
0.0,0.0,0.0,0.0,0.0,0.0,0.0,0.0,4.0,1.0,-1.000088900581841e-12,0.0,0.0,17.5,0.0,0.0,0.0,0.0,0.0,0.0,0.0,13,1,0.5463659147869674,0.0,0.0,0.0,0.0,0.0,0.0,3
230.0,1.0,-1.000088900581841e-12,0.0,0.0,0.0,0.0,0.0,42.0,5.0,1.410352868460972,0.0,0.0,16.666666666666668,0.0,0.0,0.0,0.0,156.0,0.0,0.0,13,1,0.5463659147869674,115.00000000000011,57.5,0.0,0.0,0.0,0.0,3
704.0,1.0,-1.000088900581841e-12,0.0,0.0,0.0,0.0,0.0,30.0,5.0,1.436828668958032,0.0,0.0,16.0,0.0,0.0,0.0,0.0,0.0,0.0,0.0,14,1,0.5463659147869674,331.8769852420221,233.5,0.0,0.0,0.0,0.0,2
474.0,1.0,-1.000088900581841e-12,0.0,0.0,0.0,0.0,0.0,0.0,0.0,0.0,0.0,0.0,0.0,90.0,0.0,0.0,0.0,0.0,0.0,0.0,14,1,0.5463659147869674,304.1797714071949,352.0,0.0,0.0,0.0,0.0,2
0.0,0.0,0.0,0.0,0.0,0.0,0.0,0.0,0.0,0.0,0.0,0.0,0.0,0.0,108.0,0.0,0.0,0.0,0.0,0.0,0.0,15,1,0.5463659147869674,304.1797714071949,352.0,0.0,0.0,0.0,0.0,3
0.0,0.0,0.0,0.0,0.0,0.0,0.0,0.0,0.0,0.0,0.0,0.0,0.0,0.0,86.0,0.0,0.0,0.0,0.0,0.0,0.0,17,1,0.5463659147869674,352.78463685370434,294.5,0.0,0.0,0.0,0.0,2
444.0,4.0,0.7440259076468676,0.0,0.0,0.0,0.0,0.0,64.0,7.0,1.65239016708619,0.0,152.0,15.77777777777778,0.0,0.0,0.0,0.0,154.0,4106.0,18.0,17,1,0.5463659147869674,265.28663743204265,229.5,0.0,0.0,0.0,0.0,3
690.0,1.0,-1.000088900581841e-12,0.0,0.0,0.0,0.0,0.0,490.0,6.0,0.5163477367342056,0.0,0.0,34.166666666666664,0.0,0.0,0.0,0.0,0.0,0.0,0.0,18,1,0.5463659147869674,342.41641315801445,283.5,0.0,0.0,0.0,0.0,3
374.0,1.0,-1.000088900581841e-12,0.0,0.0,0.0,0.0,0.0,128.0,3.0,0.7856352652461525,0.0,0.0,58.0,0.0,0.0,0.0,0.0,0.0,0.0,0.0,18,1,0.5463659147869674,285.5380885276079,377.0,0.0,0.0,0.0,0.0,3
0.0,0.0,0.0,0.0,0.0,0.0,0.0,0.0,50.0,3.0,0.4433066914650871,0.0,0.0,81.83333333333333,0.0,0.0,0.0,0.0,0.0,0.0,0.0,19,1,0.5463659147869674,285.5380885276079,377.0,0.0,0.0,0.0,0.0,2
0.0,0.0,0.0,0.0,0.0,0.0,0.0,0.0,28.0,3.0,0.8921178708158162,0.0,0.0,97.23333333333332,0.0,0.0,0.0,0.0,0.0,0.0,0.0,19,1,0.5463659147869674,333.1426121047862,266.0,0.0,0.0,0.0,0.0,2
0.0,0.0,0.0,0.0,0.0,0.0,0.0,0.0,12.0,2.0,0.6931471805579453,0.0,0.0,100.0,0.0,0.0,0.0,0.0,0.0,0.0,0.0,20,1,0.5463659147869674,187.00000000000009,93.5,0.0,0.0,0.0,0.0,3
630.0,3.0,0.6586201151122898,0.0,0.0,0.0,0.0,0.0,112.0,13.0,2.090784053929655,0.0,0.0,100.0,0.0,0.0,0.0,0.0,160.0,8816.0,36.0,20,1,0.5463659147869674,315.00000000000006,157.5,0.0,0.0,0.0,0.0,2
0.0,0.0,0.0,0.0,0.0,0.0,0.0,0.0,0.0,0.0,0.0,0.0,0.0,100.0,78.0,0.0,0.0,0.0,0.0,0.0,0.0,22,0,0.5463659147869674,331.88552243205794,233.0,0.0,0.0,0.0,0.0,3
0.0,0.0,0.0,0.0,0.0,0.0,0.0,0.0,0.0,0.0,0.0,0.0,0.0,99.16666666666669,0.0,0.0,0.0,0.0,0.0,0.0,0.0,23,0,0.5463659147869674,114.00000000000016,57.0,0.0,0.0,0.0,0.0,3
0.0,0.0,0.0,0.0,0.0,0.0,0.0,0.0,0.0,0.0,0.0,0.0,0.0,98.66666666666669,0.0,0.0,0.0,0.0,0.0,0.0,0.0,23,0,0.5463659147869674,0.0,0.0,0.0,0.0,0.0,0.0,3
0.0,0.0,0.0,0.0,0.0,0.0,0.0,0.0,2.0,1.0,-1.000088900581841e-12,0.0,0.0,98.0,86.0,0.0,0.0,0.0,0.0,0.0,0.0,0,0,0.5463659147869674,0.0,0.0,0.0,0.0,0.0,0.0,3
0.0,0.0,0.0,0.0,0.0,0.0,0.0,0.0,0.0,0.0,0.0,0.0,0.0,97.0,0.0,0.0,0.0,0.0,0.0,0.0,0.0,0,0,0.5463659147869674,0.0,0.0,0.0,0.0,0.0,0.0,2
0.0,0.0,0.0,0.0,0.0,0.0,0.0,0.0,0.0,0.0,0.0,0.0,0.0,96.16666666666669,0.0,0.0,0.0,0.0,0.0,0.0,0.0,1,0,0.5463659147869674,0.0,0.0,0.0,0.0,0.0,0.0,3
0.0,0.0,0.0,0.0,0.0,0.0,0.0,0.0,0.0,0.0,0.0,0.0,0.0,96.0,0.0,0.0,0.0,0.0,0.0,0.0,0.0,1,0,0.5463659147869674,0.0,0.0,0.0,0.0,0.0,0.0,3
0.0,0.0,0.0,0.0,0.0,0.0,0.0,0.0,0.0,0.0,0.0,0.0,0.0,95.0,0.0,0.0,0.0,0.0,0.0,0.0,0.0,2,0,0.5463659147869674,0.0,0.0,0.0,0.0,0.0,0.0,3
0.0,0.0,0.0,0.0,0.0,0.0,0.0,0.0,0.0,0.0,0.0,0.0,0.0,94.66666666666669,0.0,0.0,0.0,0.0,0.0,0.0,0.0,2,0,0.5463659147869674,0.0,0.0,0.0,0.0,0.0,0.0,2
394.0,2.0,0.3705502374848898,0.0,0.0,0.0,0.0,0.0,60.0,11.0,2.0537559922459976,0.0,0.0,84.66666666666667,0.0,0.0,0.0,0.0,164.0,2668.0,52.0,10,1,0.5463659147869674,197.00000000000009,98.5,0.0,0.0,0.0,0.0,3
706.0,1.0,-1.000088900581841e-12,0.0,0.0,0.0,0.0,0.0,0.0,0.0,0.0,0.0,0.0,83.16666666666667,0.0,0.0,0.0,0.0,0.0,0.0,0.0,10,1,0.5463659147869674,342.1364250314973,275.0,0.0,0.0,0.0,0.0,2
368.0,1.0,-1.000088900581841e-12,0.0,0.0,0.0,0.0,0.0,10.0,3.0,0.9502705392302344,0.0,0.0,82.16666666666667,60.0,0.0,0.0,0.0,0.0,0.0,0.0,11,1,0.5463659147869674,288.8713669899921,367.0,0.0,0.0,0.0,0.0,2
216.0,2.0,0.2868359830541607,0.0,0.0,0.0,0.0,0.0,66.0,4.0,0.8059117496920452,0.0,0.0,80.8,0.0,0.0,0.0,0.0,336.0,1108.0,34.0,11,1,0.5463659147869674,205.57885753809097,421.0,0.0,0.0,0.0,0.0,1
706.0,1.0,-1.000088900581841e-12,0.0,0.0,0.0,0.0,0.0,18.0,3.0,0.964962923004428,0.0,0.0,79.33333333333333,0.0,0.0,0.0,0.0,0.0,0.0,0.0,12,1,0.5463659147869674,246.94668790382005,499.0,0.0,0.0,0.0,0.0,3
560.0,1.0,-1.000088900581841e-12,0.0,0.0,0.0,0.0,0.0,12.0,4.0,1.3296613488507585,0.0,0.0,78.66666666666667,168.0,0.0,0.0,0.0,0.0,0.0,0.0,12,1,0.5463659147869674,214.85731699587683,462.5,0.0,0.0,0.0,0.0,2
532.0,1.0,-1.000088900581841e-12,0.0,0.0,0.0,0.0,0.0,22.0,6.0,1.6417347121815211,0.0,0.0,76.76190476190476,0.0,0.0,0.0,0.0,168.0,4570.0,48.0,13,1,0.5463659147869674,206.29024859810195,503.5,0.0,0.0,0.0,0.0,3
712.0,2.0,0.6930840558866805,0.0,0.0,0.0,0.0,0.0,10.0,3.0,1.054920167983144,0.0,0.0,74.73684210526316,0.0,0.0,0.0,0.0,0.0,260.0,0.0,13,1,0.5463659147869674,94.83142938920638,627.5,0.0,0.0,0.0,0.0,3
708.0,1.0,-1.000088900581841e-12,0.0,0.0,0.0,0.0,0.0,12.0,3.0,1.0114042647043515,0.0,0.0,74.0,0.0,0.0,0.0,0.0,0.0,0.0,0.0,14,1,0.5463659147869674,95.38693132010644,628.0,0.0,0.0,0.0,0.0,2
348.0,1.0,-1.000088900581841e-12,0.0,0.0,0.0,0.0,0.0,16.0,2.0,0.5623351446168083,0.0,0.0,73.33333333333333,96.0,0.0,0.0,0.0,0.0,0.0,0.0,14,1,0.5463659147869674,173.04719972693394,575.0,0.0,0.0,0.0,0.0,3
0.0,0.0,0.0,0.0,0.0,0.0,0.0,0.0,56.0,2.0,0.410116318286409,0.0,0.0,72.83333333333333,0.0,0.0,0.0,0.0,0.0,0.0,0.0,15,1,0.5463659147869674,340.5172536010474,442.0,0.0,0.0,0.0,0.0,3
0.0,0.0,0.0,0.0,0.0,0.0,0.0,0.0,8.0,1.0,-1.000088900581841e-12,0.0,0.0,72.0,132.0,0.0,0.0,0.0,0.0,0.0,0.0,15,1,0.5463659147869674,338.41985757339955,264.0,0.0,0.0,0.0,0.0,3
0.0,0.0,0.0,0.0,0.0,0.0,0.0,0.0,8.0,1.0,-1.000088900581841e-12,0.0,0.0,71.33333333333333,0.0,0.0,0.0,0.0,0.0,0.0,0.0,16,1,0.5463659147869674,174.0000000000001,87.0,0.0,0.0,0.0,0.0,2
0.0,0.0,0.0,0.0,0.0,0.0,0.0,0.0,4.0,1.0,-1.000088900581841e-12,0.0,0.0,70.66666666666667,0.0,0.0,0.0,0.0,0.0,0.0,0.0,16,1,0.5463659147869674,0.0,0.0,0.0,0.0,0.0,0.0,2
0.0,0.0,0.0,0.0,0.0,0.0,0.0,0.0,36.0,6.0,1.6958654450714614,0.0,0.0,69.83333333333333,82.0,0.0,0.0,0.0,0.0,0.0,0.0,17,1,0.5463659147869674,0.0,0.0,0.0,0.0,0.0,0.0,3
0.0,0.0,0.0,0.0,0.0,0.0,0.0,0.0,4.0,1.0,-1.000088900581841e-12,0.0,0.0,68.16666666666667,0.0,0.0,0.0,0.0,0.0,0.0,0.0,17,1,0.5463659147869674,0.0,0.0,0.0,0.0,0.0,0.0,2
0.0,0.0,0.0,0.0,0.0,0.0,0.0,0.0,10.0,2.0,0.5004024235361879,0.0,0.0,67.5,0.0,0.0,0.0,0.0,0.0,0.0,0.0,18,1,0.5463659147869674,0.0,0.0,0.0,0.0,0.0,0.0,2
0.0,0.0,0.0,0.0,0.0,0.0,0.0,0.0,4.0,1.0,-1.000088900581841e-12,0.0,0.0,66.16666666666667,0.0,0.0,0.0,0.0,0.0,0.0,0.0,18,1,0.5463659147869674,0.0,0.0,0.0,0.0,0.0,0.0,3
0.0,0.0,0.0,0.0,0.0,0.0,0.0,0.0,0.0,0.0,0.0,0.0,0.0,65.0,0.0,0.0,0.0,0.0,0.0,0.0,0.0,19,1,0.5463659147869674,0.0,0.0,0.0,0.0,0.0,0.0,2
0.0,0.0,0.0,0.0,0.0,0.0,0.0,0.0,4.0,1.0,-1.000088900581841e-12,0.0,0.0,64.16666666666667,0.0,0.0,0.0,0.0,0.0,0.0,0.0,19,1,0.5463659147869674,0.0,0.0,0.0,0.0,0.0,0.0,3
0.0,0.0,0.0,0.0,0.0,0.0,0.0,0.0,6.0,1.0,-1.000088900581841e-12,0.0,0.0,62.833333333333336,0.0,0.0,0.0,0.0,0.0,0.0,0.0,20,1,0.5463659147869674,0.0,0.0,0.0,0.0,0.0,0.0,3
0.0,0.0,0.0,0.0,0.0,0.0,0.0,0.0,4.0,1.0,-1.000088900581841e-12,0.0,0.0,61.66666666666666,0.0,0.0,0.0,0.0,0.0,0.0,0.0,20,1,0.5463659147869674,0.0,0.0,0.0,0.0,0.0,0.0,2
0.0,0.0,0.0,0.0,0.0,0.0,0.0,0.0,44.0,3.0,0.966674830316792,0.0,0.0,60.5,74.0,0.0,0.0,0.0,0.0,0.0,0.0,21,0,0.5463659147869674,0.0,0.0,0.0,0.0,0.0,0.0,3
566.0,2.0,0.5887672714745881,0.0,0.0,0.0,0.0,0.0,20.0,5.0,1.5571130980526455,0.0,0.0,57.63157894736842,0.0,0.0,0.0,0.0,336.0,5944.0,42.0,21,0,0.5463659147869674,283.00000000000006,141.5,0.0,0.0,0.0,0.0,3
0.0,0.0,0.0,0.0,0.0,0.0,0.0,0.0,0.0,0.0,0.0,0.0,0.0,44.16666666666666,0.0,0.0,0.0,0.0,0.0,0.0,0.0,7,0,0.5463659147869674,0.0,0.0,0.0,0.0,0.0,0.0,2
0.0,0.0,0.0,0.0,0.0,0.0,0.0,0.0,8.0,1.0,-1.000088900581841e-12,0.0,0.0,43.66666666666666,0.0,0.0,0.0,0.0,0.0,0.0,0.0,8,1,0.5463659147869674,0.0,0.0,0.0,0.0,0.0,0.0,2
0.0,0.0,0.0,0.0,0.0,0.0,0.0,0.0,0.0,0.0,0.0,0.0,0.0,42.833333333333336,0.0,0.0,0.0,0.0,0.0,0.0,0.0,8,1,0.5463659147869674,0.0,0.0,0.0,0.0,0.0,0.0,2
0.0,0.0,0.0,0.0,0.0,0.0,0.0,0.0,16.0,4.0,1.3862943611158909,0.0,0.0,42.0,0.0,0.0,0.0,0.0,0.0,0.0,0.0,9,1,0.5463659147869674,0.0,0.0,0.0,0.0,0.0,0.0,3
0.0,0.0,0.0,0.0,0.0,0.0,0.0,0.0,14.0,2.0,0.6829081046984717,0.0,0.0,41.0,0.0,0.0,0.0,0.0,0.0,0.0,0.0,9,1,0.5463659147869674,0.0,0.0,0.0,0.0,0.0,0.0,3
0.0,0.0,0.0,0.0,0.0,0.0,0.0,0.0,6.0,2.0,0.6365141682928128,0.0,0.0,40.66666666666666,0.0,0.0,0.0,0.0,0.0,0.0,0.0,10,1,0.5463659147869674,0.0,0.0,0.0,0.0,0.0,0.0,3
0.0,0.0,0.0,0.0,0.0,0.0,0.0,0.0,20.0,2.0,0.5004024235361879,0.0,0.0,40.0,0.0,0.0,0.0,0.0,0.0,0.0,0.0,10,1,0.5463659147869674,0.0,0.0,0.0,0.0,0.0,0.0,3
0.0,0.0,0.0,0.0,0.0,0.0,0.0,0.0,34.0,4.0,1.006214565940081,0.0,0.0,38.66666666666666,82.0,0.0,0.0,0.0,0.0,0.0,0.0,11,1,0.5463659147869674,0.0,0.0,0.0,0.0,0.0,0.0,3
0.0,0.0,0.0,0.0,0.0,0.0,0.0,0.0,4.0,1.0,-1.000088900581841e-12,0.0,0.0,37.66666666666666,0.0,0.0,0.0,0.0,0.0,0.0,0.0,11,1,0.5463659147869674,0.0,0.0,0.0,0.0,0.0,0.0,3
0.0,0.0,0.0,0.0,0.0,0.0,0.0,0.0,4.0,1.0,-1.000088900581841e-12,0.0,0.0,34.166666666666664,0.0,0.0,0.0,0.0,0.0,0.0,0.0,13,1,0.5463659147869674,0.0,0.0,0.0,0.0,0.0,0.0,3
0.0,0.0,0.0,0.0,0.0,0.0,0.0,0.0,4.0,1.0,-1.000088900581841e-12,0.0,0.0,33.333333333333336,0.0,0.0,0.0,0.0,0.0,0.0,0.0,14,1,0.5463659147869674,0.0,0.0,0.0,0.0,0.0,0.0,3
0.0,0.0,0.0,0.0,0.0,0.0,0.0,0.0,4.0,1.0,-1.000088900581841e-12,0.0,0.0,32.0,0.0,0.0,0.0,0.0,0.0,0.0,0.0,15,1,0.5463659147869674,0.0,0.0,0.0,0.0,0.0,0.0,3
0.0,0.0,0.0,0.0,0.0,0.0,0.0,0.0,0.0,0.0,0.0,0.0,0.0,31.0,0.0,0.0,0.0,0.0,0.0,0.0,0.0,15,1,0.5463659147869674,0.0,0.0,0.0,0.0,0.0,0.0,2
0.0,0.0,0.0,0.0,0.0,0.0,0.0,0.0,64.0,6.0,1.4402347496985994,0.0,0.0,28.5,60.0,0.0,0.0,0.0,0.0,0.0,0.0,17,1,0.5463659147869674,0.0,0.0,0.0,0.0,0.0,0.0,2
0.0,0.0,0.0,0.0,0.0,0.0,0.0,0.0,0.0,0.0,0.0,0.0,0.0,27.166666666666668,0.0,0.0,0.0,0.0,0.0,0.0,0.0,17,1,0.5463659147869674,0.0,0.0,0.0,0.0,0.0,0.0,2
0.0,0.0,0.0,0.0,0.0,0.0,0.0,0.0,0.0,0.0,0.0,0.0,0.0,26.33333333333333,0.0,0.0,0.0,0.0,348.0,0.0,0.0,18,1,0.5463659147869674,0.0,0.0,0.0,0.0,0.0,0.0,3
186.0,4.0,0.37704711559914,0.0,0.0,0.0,0.0,0.0,42.0,6.0,1.690589797891894,0.0,0.0,24.77777777777778,0.0,0.0,0.0,0.0,174.0,800.0,48.0,18,1,0.5463659147869674,93.00000000000024,46.5,0.0,0.0,0.0,0.0,3
710.0,2.0,0.5631074935801978,0.0,0.0,0.0,0.0,0.0,30.0,3.0,0.6277052571941504,0.0,0.0,21.45,0.0,0.0,0.0,0.0,0.0,6180.0,0.0,19,1,0.5463659147869674,335.6545843571931,224.0,0.0,0.0,0.0,0.0,3
0.0,0.0,0.0,0.0,0.0,0.0,0.0,0.0,0.0,0.0,0.0,0.0,0.0,98.0,0.0,0.0,0.0,0.0,0.0,0.0,0.0,7,0,0.5463659147869674,0.0,0.0,0.0,0.0,0.0,0.0,2
0.0,0.0,0.0,0.0,0.0,0.0,0.0,0.0,0.0,0.0,0.0,0.0,0.0,97.16666666666669,0.0,0.0,0.0,0.0,0.0,0.0,0.0,7,0,0.5463659147869674,0.0,0.0,0.0,0.0,0.0,0.0,3
0.0,0.0,0.0,0.0,0.0,0.0,0.0,0.0,0.0,0.0,0.0,0.0,0.0,96.5,0.0,0.0,0.0,0.0,0.0,0.0,0.0,8,1,0.5463659147869674,0.0,0.0,0.0,0.0,0.0,0.0,2
36.0,1.0,-1.000088900581841e-12,0.0,0.0,0.0,0.0,0.0,34.0,5.0,1.4161396803569404,0.0,0.0,96.0,0.0,0.0,0.0,0.0,180.0,44.0,32.0,8,1,0.5463659147869674,18.00000000000074,9.0,0.0,0.0,0.0,0.0,3
708.0,1.0,-1.000088900581841e-12,0.0,0.0,0.0,0.0,0.0,28.0,1.0,-1.000088900581841e-12,0.0,0.0,95.0,0.0,0.0,0.0,0.0,0.0,0.0,0.0,9,1,0.5463659147869674,348.41354738299145,186.0,0.0,0.0,0.0,0.0,3
668.0,1.0,-1.000088900581841e-12,0.0,0.0,0.0,0.0,0.0,12.0,4.0,1.3296613488507585,0.0,0.0,94.0,0.0,0.0,0.0,0.0,0.0,0.0,0.0,9,1,0.5463659147869674,387.44806103528254,353.0,0.0,0.0,0.0,0.0,3
0.0,0.0,0.0,0.0,0.0,0.0,0.0,0.0,2.0,1.0,-1.000088900581841e-12,0.0,0.0,93.16666666666669,108.0,0.0,0.0,0.0,0.0,0.0,0.0,10,1,0.5463659147869674,387.44806103528254,353.0,0.0,0.0,0.0,0.0,3
0.0,0.0,0.0,0.0,0.0,0.0,0.0,0.0,20.0,2.0,0.5004024235361879,0.0,0.0,93.0,0.0,0.0,0.0,0.0,0.0,0.0,0.0,10,1,0.5463659147869674,397.5525122546706,344.0,0.0,0.0,0.0,0.0,3
0.0,0.0,0.0,0.0,0.0,0.0,0.0,0.0,28.0,2.0,0.5982695885832573,0.0,0.0,92.0,106.0,0.0,0.0,0.0,0.0,0.0,0.0,11,1,0.5463659147869674,334.00000000000006,167.0,0.0,0.0,0.0,0.0,3
0.0,0.0,0.0,0.0,0.0,0.0,0.0,0.0,0.0,0.0,0.0,0.0,0.0,91.33333333333331,0.0,0.0,0.0,0.0,0.0,0.0,0.0,11,1,0.5463659147869674,0.0,0.0,0.0,0.0,0.0,0.0,2
0.0,0.0,0.0,0.0,0.0,0.0,0.0,0.0,4.0,1.0,-1.000088900581841e-12,0.0,0.0,90.5,0.0,0.0,0.0,0.0,0.0,0.0,0.0,12,1,0.5463659147869674,0.0,0.0,0.0,0.0,0.0,0.0,2
0.0,0.0,0.0,0.0,0.0,0.0,0.0,0.0,16.0,2.0,0.5623351446168083,0.0,0.0,90.0,112.0,0.0,0.0,0.0,0.0,0.0,0.0,12,1,0.5463659147869674,0.0,0.0,0.0,0.0,0.0,0.0,2
0.0,0.0,0.0,0.0,0.0,0.0,0.0,0.0,28.0,3.0,0.9556998911095343,0.0,0.0,89.0,0.0,0.0,0.0,0.0,0.0,0.0,0.0,13,1,0.5463659147869674,0.0,0.0,0.0,0.0,0.0,0.0,3
0.0,0.0,0.0,0.0,0.0,0.0,0.0,0.0,36.0,3.0,0.936888307536016,0.0,0.0,88.33333333333333,0.0,0.0,0.0,0.0,0.0,0.0,0.0,13,1,0.5463659147869674,0.0,0.0,0.0,0.0,0.0,0.0,3
0.0,0.0,0.0,0.0,0.0,0.0,0.0,0.0,2.0,1.0,-1.000088900581841e-12,0.0,0.0,87.83333333333333,0.0,0.0,0.0,0.0,0.0,0.0,0.0,14,1,0.5463659147869674,0.0,0.0,0.0,0.0,0.0,0.0,3
0.0,0.0,0.0,0.0,0.0,0.0,0.0,0.0,0.0,0.0,0.0,0.0,0.0,87.0,0.0,0.0,0.0,0.0,0.0,0.0,0.0,14,1,0.5463659147869674,0.0,0.0,0.0,0.0,0.0,0.0,3
0.0,0.0,0.0,0.0,0.0,0.0,0.0,0.0,6.0,2.0,0.6365141682928128,0.0,0.0,86.33333333333333,0.0,0.0,0.0,0.0,0.0,0.0,0.0,15,1,0.5463659147869674,0.0,0.0,0.0,0.0,0.0,0.0,3
546.0,1.0,-1.000088900581841e-12,0.0,0.0,0.0,0.0,0.0,112.0,9.0,1.732614102292006,0.0,0.0,84.125,0.0,0.0,0.0,0.0,180.0,4116.0,56.0,15,1,0.5463659147869674,273.00000000000006,136.5,0.0,0.0,0.0,0.0,3
704.0,3.0,0.753234738978885,0.0,0.0,0.0,0.0,0.0,20.0,3.0,0.9502705392302344,0.0,0.0,81.0,0.0,0.0,0.0,0.0,0.0,3684.0,0.0,16,1,0.5463659147869674,366.56377344194834,312.5,0.0,0.0,0.0,0.0,3
706.0,1.0,-1.000088900581841e-12,0.0,0.0,0.0,0.0,0.0,80.0,5.0,0.7645800921630523,0.0,0.0,78.42857142857143,0.0,0.0,0.0,0.0,0.0,0.0,0.0,16,1,0.5463659147869674,334.50660182822503,489.0,0.0,0.0,0.0,0.0,2
478.0,1.0,-1.000088900581841e-12,0.0,0.0,0.0,0.0,0.0,46.0,3.0,0.4702359623522493,0.0,0.0,77.83333333333333,0.0,0.0,0.0,0.0,0.0,0.0,0.0,17,1,0.5463659147869674,114.83756644350612,608.5,0.0,0.0,0.0,0.0,3
0.0,0.0,0.0,0.0,0.0,0.0,0.0,0.0,292.0,2.0,0.125574980447031,0.0,0.0,77.0,182.0,0.0,0.0,0.0,0.0,0.0,0.0,17,1,0.5463659147869674,332.3652609203716,472.0,0.0,0.0,0.0,0.0,2
0.0,0.0,0.0,0.0,0.0,0.0,0.0,0.0,16.0,3.0,1.039720770836918,0.0,0.0,76.5,86.0,0.0,0.0,0.0,0.0,0.0,0.0,18,1,0.5463659147869674,354.23909063418364,296.0,0.0,0.0,0.0,0.0,3
646.0,2.0,0.5826111086417316,0.0,0.0,0.0,0.0,0.0,10.0,3.0,1.054920167983144,0.0,0.0,74.05,0.0,0.0,0.0,0.0,546.0,6530.0,38.0,18,1,0.5463659147869674,331.6403674665275,281.0,0.0,0.0,0.0,0.0,3
0.0,0.0,0.0,0.0,0.0,0.0,0.0,0.0,4.0,1.0,-1.000088900581841e-12,0.0,0.0,100.0,0.0,0.0,0.0,0.0,0.0,0.0,0.0,1,0,0.5463659147869674,0.0,0.0,0.0,0.0,0.0,0.0,3
0.0,0.0,0.0,0.0,0.0,0.0,0.0,0.0,4.0,1.0,-1.000088900581841e-12,0.0,0.0,100.0,0.0,0.0,0.0,0.0,0.0,0.0,0.0,2,0,0.5463659147869674,0.0,0.0,0.0,0.0,0.0,0.0,2
0.0,0.0,0.0,0.0,0.0,0.0,0.0,0.0,0.0,0.0,0.0,0.0,0.0,100.0,0.0,0.0,0.0,0.0,0.0,0.0,0.0,3,0,0.5463659147869674,0.0,0.0,0.0,0.0,0.0,0.0,2
0.0,0.0,0.0,0.0,0.0,0.0,0.0,0.0,4.0,1.0,-1.000088900581841e-12,0.0,0.0,100.0,0.0,0.0,0.0,0.0,0.0,0.0,0.0,4,0,0.5463659147869674,0.0,0.0,0.0,0.0,0.0,0.0,3
0.0,0.0,0.0,0.0,0.0,0.0,0.0,0.0,4.0,1.0,-1.000088900581841e-12,0.0,0.0,100.0,0.0,0.0,0.0,0.0,0.0,0.0,0.0,4,0,0.5463659147869674,0.0,0.0,0.0,0.0,0.0,0.0,3
0.0,0.0,0.0,0.0,0.0,0.0,0.0,0.0,4.0,1.0,-1.000088900581841e-12,0.0,0.0,100.0,0.0,0.0,0.0,0.0,0.0,0.0,0.0,5,0,0.5463659147869674,0.0,0.0,0.0,0.0,0.0,0.0,2
0.0,0.0,0.0,0.0,0.0,0.0,0.0,0.0,4.0,1.0,-1.000088900581841e-12,0.0,0.0,100.0,0.0,0.0,0.0,0.0,0.0,0.0,0.0,5,0,0.5463659147869674,0.0,0.0,0.0,0.0,0.0,0.0,2
0.0,0.0,0.0,0.0,0.0,0.0,0.0,0.0,0.0,0.0,0.0,0.0,0.0,100.0,0.0,0.0,0.0,0.0,0.0,0.0,0.0,6,0,0.5463659147869674,0.0,0.0,0.0,0.0,0.0,0.0,2
0.0,0.0,0.0,0.0,0.0,0.0,0.0,0.0,4.0,1.0,-1.000088900581841e-12,0.0,0.0,100.0,0.0,0.0,0.0,0.0,0.0,0.0,0.0,6,0,0.5463659147869674,0.0,0.0,0.0,0.0,0.0,0.0,2
0.0,0.0,0.0,0.0,0.0,0.0,22.0,0.0,10.0,2.0,0.6730116670072565,0.0,0.0,100.0,0.0,0.0,0.0,0.0,558.0,0.0,0.0,8,1,0.5463659147869674,0.0,0.0,0.0,0.0,11.0,5.5,2
0.0,0.0,0.0,0.0,0.0,0.0,0.0,0.0,8.0,2.0,0.6931471805579453,0.0,0.0,100.0,104.0,0.0,0.0,0.0,0.0,0.0,0.0,9,1,0.5463659147869674,0.0,0.0,0.0,0.0,11.0,5.5,3
0.0,0.0,0.0,0.0,0.0,0.0,0.0,0.0,0.0,0.0,0.0,0.0,0.0,100.0,0.0,0.0,0.0,0.0,0.0,0.0,0.0,9,1,0.5463659147869674,0.0,0.0,0.0,0.0,11.0,5.5,2
0.0,0.0,0.0,0.0,0.0,0.0,0.0,0.0,14.0,2.0,0.6829081046984717,0.0,0.0,100.0,90.0,0.0,0.0,0.0,0.0,0.0,0.0,10,1,0.5463659147869674,0.0,0.0,0.0,0.0,0.0,0.0,3
0.0,0.0,0.0,0.0,0.0,0.0,0.0,0.0,4.0,1.0,-1.000088900581841e-12,0.0,0.0,99.33333333333331,0.0,0.0,0.0,0.0,0.0,0.0,0.0,10,1,0.5463659147869674,0.0,0.0,0.0,0.0,0.0,0.0,2
0.0,0.0,0.0,0.0,0.0,0.0,0.0,0.0,10.0,2.0,0.5004024235361879,0.0,0.0,98.66666666666669,0.0,0.0,0.0,0.0,1860.0,0.0,0.0,11,1,0.5463659147869674,0.0,0.0,0.0,0.0,0.0,0.0,2
0.0,0.0,0.0,0.0,0.0,0.0,0.0,0.0,4.0,1.0,-1.000088900581841e-12,0.0,0.0,97.0,96.0,0.0,0.0,0.0,0.0,0.0,0.0,12,1,0.5463659147869674,0.0,0.0,0.0,0.0,0.0,0.0,2
708.0,1.0,-1.000088900581841e-12,0.0,0.0,0.0,0.0,0.0,20.0,4.0,1.0888999753412236,0.0,0.0,93.6153846153846,0.0,0.0,0.0,0.0,0.0,0.0,0.0,13,1,0.5463659147869674,334.29478009684806,245.5,0.0,0.0,0.0,0.0,3
0.0,0.0,0.0,0.0,0.0,0.0,0.0,0.0,4.0,1.0,-1.000088900581841e-12,0.0,0.0,89.66666666666667,76.0,0.0,0.0,0.0,0.0,0.0,0.0,15,1,0.5463659147869674,332.3627536292237,471.5,0.0,0.0,0.0,0.0,3
0.0,0.0,0.0,0.0,0.0,0.0,0.0,0.0,72.0,3.0,0.5566469035791068,0.0,0.0,88.83333333333333,86.0,0.0,0.0,0.0,0.0,0.0,0.0,15,1,0.5463659147869674,352.3535156628922,294.5,0.0,0.0,0.0,0.0,3
0.0,0.0,0.0,0.0,0.0,0.0,0.0,0.0,0.0,0.0,0.0,0.0,0.0,88.0,0.0,0.0,0.0,0.0,0.0,0.0,0.0,16,1,0.5463659147869674,238.00000000000009,119.0,0.0,0.0,0.0,0.0,3
0.0,0.0,0.0,0.0,0.0,0.0,0.0,0.0,6.0,1.0,-1.000088900581841e-12,0.0,0.0,87.33333333333333,0.0,0.0,0.0,0.0,0.0,0.0,0.0,16,1,0.5463659147869674,0.0,0.0,0.0,0.0,0.0,0.0,2
0.0,0.0,0.0,0.0,0.0,0.0,0.0,0.0,66.0,3.0,0.5272997580686339,0.0,0.0,86.66666666666667,0.0,0.0,0.0,0.0,0.0,0.0,0.0,17,1,0.5463659147869674,0.0,0.0,0.0,0.0,0.0,0.0,2
0.0,0.0,0.0,0.0,0.0,0.0,0.0,0.0,0.0,0.0,0.0,0.0,0.0,83.0,0.0,0.0,0.0,0.0,0.0,0.0,0.0,19,1,0.5463659147869674,0.0,0.0,0.0,0.0,0.0,0.0,2
0.0,0.0,0.0,0.0,0.0,0.0,0.0,0.0,0.0,0.0,0.0,0.0,0.0,82.33333333333333,0.0,0.0,0.0,0.0,0.0,0.0,0.0,20,1,0.5463659147869674,0.0,0.0,0.0,0.0,0.0,0.0,3
552.0,3.0,0.6927413965114513,0.0,0.0,0.0,0.0,0.0,80.0,7.0,1.4935993079922685,0.0,0.0,79.52631578947368,0.0,0.0,0.0,0.0,188.0,5408.0,48.0,20,1,0.5463659147869674,276.00000000000006,138.0,0.0,0.0,0.0,0.0,3
300.0,1.0,-1.000088900581841e-12,0.0,0.0,0.0,0.0,0.0,10.0,3.0,1.054920167983144,0.0,0.0,77.33333333333333,120.0,0.0,0.0,0.0,0.0,0.0,0.0,21,0,0.5463659147869674,309.60620148827775,390.0,0.0,0.0,0.0,0.0,2
0.0,0.0,0.0,0.0,0.0,0.0,0.0,0.0,0.0,0.0,0.0,0.0,0.0,77.0,0.0,0.0,0.0,0.0,0.0,0.0,0.0,22,0,0.5463659147869674,309.60620148827775,390.0,0.0,0.0,0.0,0.0,3
0.0,0.0,0.0,0.0,0.0,0.0,0.0,0.0,28.0,2.0,0.5982695885832573,0.0,0.0,76.5,120.0,0.0,0.0,0.0,0.0,0.0,0.0,22,0,0.5463659147869674,335.2849534351341,252.0,0.0,0.0,0.0,0.0,3
0.0,0.0,0.0,0.0,0.0,0.0,0.0,0.0,0.0,0.0,0.0,0.0,0.0,76.0,0.0,0.0,0.0,0.0,0.0,0.0,0.0,23,0,0.5463659147869674,150.00000000000014,75.0,0.0,0.0,0.0,0.0,2
0.0,0.0,0.0,0.0,0.0,0.0,0.0,0.0,0.0,0.0,0.0,0.0,0.0,75.0,0.0,0.0,0.0,0.0,0.0,0.0,0.0,23,0,0.5463659147869674,0.0,0.0,0.0,0.0,0.0,0.0,3
0.0,0.0,0.0,0.0,0.0,0.0,0.0,0.0,8.0,1.0,-1.000088900581841e-12,0.0,0.0,75.0,0.0,0.0,0.0,0.0,0.0,0.0,0.0,0,0,0.5463659147869674,0.0,0.0,0.0,0.0,0.0,0.0,2
0.0,0.0,0.0,0.0,0.0,0.0,0.0,0.0,12.0,2.0,0.6931471805579453,0.0,0.0,74.0,120.0,0.0,0.0,0.0,0.0,0.0,0.0,0,0,0.5463659147869674,0.0,0.0,0.0,0.0,0.0,0.0,3
0.0,0.0,0.0,0.0,0.0,0.0,0.0,0.0,0.0,0.0,0.0,0.0,0.0,73.0,0.0,0.0,0.0,0.0,0.0,0.0,0.0,1,0,0.5463659147869674,0.0,0.0,0.0,0.0,0.0,0.0,3
0.0,0.0,0.0,0.0,0.0,0.0,0.0,0.0,0.0,0.0,0.0,0.0,0.0,73.0,0.0,0.0,0.0,0.0,0.0,0.0,0.0,1,0,0.5463659147869674,0.0,0.0,0.0,0.0,0.0,0.0,3
0.0,0.0,0.0,0.0,0.0,0.0,0.0,0.0,0.0,0.0,0.0,0.0,0.0,72.0,0.0,0.0,0.0,0.0,0.0,0.0,0.0,2,0,0.5463659147869674,0.0,0.0,0.0,0.0,0.0,0.0,3
0.0,0.0,0.0,0.0,0.0,0.0,0.0,0.0,0.0,0.0,0.0,0.0,0.0,71.83333333333333,0.0,0.0,0.0,0.0,0.0,0.0,0.0,2,0,0.5463659147869674,0.0,0.0,0.0,0.0,0.0,0.0,3
0.0,0.0,0.0,0.0,0.0,0.0,0.0,0.0,0.0,0.0,0.0,0.0,0.0,71.0,0.0,0.0,0.0,0.0,0.0,0.0,0.0,3,0,0.5463659147869674,0.0,0.0,0.0,0.0,0.0,0.0,3
0.0,0.0,0.0,0.0,0.0,0.0,0.0,0.0,0.0,0.0,0.0,0.0,0.0,70.83333333333333,0.0,0.0,0.0,0.0,0.0,0.0,0.0,3,0,0.5463659147869674,0.0,0.0,0.0,0.0,0.0,0.0,3
0.0,0.0,0.0,0.0,0.0,0.0,0.0,0.0,0.0,0.0,0.0,0.0,0.0,70.0,0.0,0.0,0.0,0.0,0.0,0.0,0.0,4,0,0.5463659147869674,0.0,0.0,0.0,0.0,0.0,0.0,3
0.0,0.0,0.0,0.0,0.0,0.0,0.0,0.0,24.0,1.0,-1.000088900581841e-12,0.0,0.0,68.66666666666667,92.0,0.0,0.0,0.0,0.0,0.0,0.0,4,0,0.5463659147869674,0.0,0.0,0.0,0.0,0.0,0.0,3
0.0,0.0,0.0,0.0,0.0,0.0,0.0,0.0,0.0,0.0,0.0,0.0,0.0,67.66666666666667,0.0,0.0,0.0,0.0,0.0,0.0,0.0,5,0,0.5463659147869674,0.0,0.0,0.0,0.0,0.0,0.0,3
0.0,0.0,0.0,0.0,0.0,0.0,0.0,0.0,0.0,0.0,0.0,0.0,0.0,66.66666666666667,0.0,0.0,0.0,0.0,0.0,0.0,0.0,5,0,0.5463659147869674,0.0,0.0,0.0,0.0,0.0,0.0,3
0.0,0.0,0.0,0.0,0.0,0.0,0.0,0.0,0.0,0.0,0.0,0.0,0.0,65.66666666666667,0.0,0.0,0.0,0.0,0.0,0.0,0.0,6,0,0.5463659147869674,0.0,0.0,0.0,0.0,0.0,0.0,3
0.0,0.0,0.0,0.0,0.0,0.0,0.0,0.0,0.0,0.0,0.0,0.0,0.0,64.83333333333333,0.0,0.0,0.0,0.0,0.0,0.0,0.0,6,0,0.5463659147869674,0.0,0.0,0.0,0.0,0.0,0.0,2
0.0,0.0,0.0,0.0,0.0,0.0,0.0,0.0,4.0,1.0,-1.000088900581841e-12,0.0,0.0,63.66666666666666,0.0,0.0,0.0,0.0,0.0,0.0,0.0,7,0,0.5463659147869674,0.0,0.0,0.0,0.0,0.0,0.0,2
0.0,0.0,0.0,0.0,0.0,0.0,0.0,0.0,2.0,1.0,-1.000088900581841e-12,0.0,0.0,62.66666666666666,0.0,0.0,0.0,0.0,0.0,0.0,0.0,7,0,0.5463659147869674,0.0,0.0,0.0,0.0,0.0,0.0,2
0.0,0.0,0.0,0.0,0.0,0.0,0.0,0.0,0.0,0.0,0.0,0.0,0.0,61.333333333333336,0.0,0.0,0.0,0.0,0.0,0.0,0.0,8,1,0.5463659147869674,0.0,0.0,0.0,0.0,0.0,0.0,3
0.0,0.0,0.0,0.0,0.0,0.0,0.0,0.0,0.0,0.0,0.0,0.0,0.0,60.333333333333336,0.0,0.0,0.0,0.0,0.0,0.0,0.0,8,1,0.5463659147869674,0.0,0.0,0.0,0.0,0.0,0.0,2
106.0,2.0,0.3903131346466206,0.0,0.0,0.0,0.0,0.0,36.0,5.0,1.2740230624364666,0.0,0.0,59.22222222222222,0.0,0.0,0.0,0.0,192.0,6740.0,56.0,9,1,0.5463659147869674,53.00000000000036,26.5,0.0,0.0,0.0,0.0,3
712.0,1.0,-1.000088900581841e-12,0.0,0.0,0.0,0.0,0.0,6.0,2.0,0.6365141682928128,0.0,0.0,57.0,0.0,0.0,0.0,0.0,0.0,0.0,0.0,9,1,0.5463659147869674,342.00341128902994,204.5,0.0,0.0,0.0,0.0,2
688.0,1.0,-1.000088900581841e-12,0.0,0.0,0.0,0.0,0.0,12.0,4.0,1.3296613488507585,0.0,0.0,56.0,0.0,0.0,0.0,0.0,0.0,0.0,0.0,10,1,0.5463659147869674,376.1715034395881,376.5,0.0,0.0,0.0,0.0,3
596.0,1.0,-1.000088900581841e-12,0.0,0.0,0.0,0.0,0.0,64.0,5.0,1.0025261447230631,0.0,0.0,54.6,0.0,0.0,0.0,0.0,196.0,3384.0,50.0,10,1,0.5463659147869674,284.10033438910284,525.5,0.0,0.0,0.0,0.0,3
710.0,1.0,-1.000088900581841e-12,0.0,0.0,0.0,0.0,0.0,2.0,1.0,-1.000088900581841e-12,0.0,0.0,53.66666666666666,0.0,0.0,0.0,0.0,0.0,0.0,0.0,11,1,0.5463659147869674,54.757039121316346,676.5,0.0,0.0,0.0,0.0,2
118.0,1.0,-1.000088900581841e-12,0.0,0.0,0.0,0.0,0.0,4.0,1.0,-1.000088900581841e-12,0.0,0.0,53.0,40.0,0.0,0.0,0.0,0.0,0.0,0.0,11,1,0.5463659147869674,277.7576881624222,528.0,0.0,0.0,0.0,0.0,3
0.0,0.0,0.0,0.0,0.0,0.0,0.0,0.0,0.0,0.0,0.0,0.0,0.0,52.333333333333336,0.0,0.0,0.0,0.0,0.0,0.0,0.0,12,1,0.5463659147869674,349.4261963085577,356.0,0.0,0.0,0.0,0.0,2
0.0,0.0,0.0,0.0,0.0,0.0,0.0,0.0,4.0,1.0,-1.000088900581841e-12,0.0,0.0,51.5,112.0,0.0,0.0,0.0,0.0,0.0,0.0,12,1,0.5463659147869674,339.91567581779265,207.0,0.0,0.0,0.0,0.0,2
0.0,0.0,0.0,0.0,0.0,0.0,0.0,0.0,36.0,2.0,0.3488320958410319,0.0,0.0,51.0,0.0,0.0,0.0,0.0,0.0,0.0,0.0,13,1,0.5463659147869674,59.000000000000384,29.5,0.0,0.0,0.0,0.0,2
302.0,4.0,0.2342017648178598,0.0,0.0,0.0,0.0,0.0,48.0,4.0,1.2650013752690703,0.0,0.0,50.0,0.0,0.0,0.0,0.0,196.0,582.0,50.0,13,1,0.5463659147869674,151.00000000000014,75.5,0.0,0.0,0.0,0.0,2
704.0,1.0,-1.000088900581841e-12,0.0,0.0,0.0,0.0,0.0,78.0,3.0,0.4471145876284657,0.0,0.0,49.0,0.0,0.0,0.0,0.0,0.0,0.0,0.0,14,1,0.5463659147869674,333.57208116587543,251.5,0.0,0.0,0.0,0.0,3
422.0,1.0,-1.000088900581841e-12,0.0,0.0,0.0,0.0,0.0,24.0,3.0,0.8675632284784613,0.0,0.0,48.0,128.0,0.0,0.0,0.0,0.0,0.0,0.0,14,1,0.5463659147869674,291.6093276971779,357.0,0.0,0.0,0.0,0.0,3
0.0,0.0,0.0,0.0,0.0,0.0,0.0,0.0,8.0,1.0,-1.000088900581841e-12,0.0,0.0,47.5,0.0,0.0,0.0,0.0,0.0,0.0,0.0,15,1,0.5463659147869674,291.6093276971779,357.0,0.0,0.0,0.0,0.0,3
0.0,0.0,0.0,0.0,0.0,0.0,0.0,0.0,64.0,3.0,0.6019239717292895,0.0,0.0,46.66666666666666,114.0,0.0,0.0,0.0,0.0,0.0,0.0,15,1,0.5463659147869674,344.8337763812202,281.5,0.0,0.0,0.0,0.0,3
0.0,0.0,0.0,0.0,0.0,0.0,0.0,0.0,30.0,2.0,0.3926744672255522,0.0,0.0,45.833333333333336,0.0,0.0,0.0,0.0,0.0,0.0,0.0,16,1,0.5463659147869674,211.0000000000001,105.5,0.0,0.0,0.0,0.0,2
0.0,0.0,0.0,0.0,0.0,0.0,0.0,0.0,0.0,0.0,0.0,0.0,0.0,45.0,0.0,0.0,0.0,0.0,0.0,0.0,0.0,16,1,0.5463659147869674,0.0,0.0,0.0,0.0,0.0,0.0,3
114.0,2.0,0.0883197821980176,0.0,0.0,0.0,0.0,0.0,26.0,5.0,1.3778195080340327,0.0,0.0,43.66666666666666,0.0,0.0,0.0,0.0,196.0,4996.0,28.0,17,1,0.5463659147869674,57.00000000000051,28.5,0.0,0.0,0.0,0.0,2
714.0,2.0,0.019261439527435,0.0,0.0,0.0,0.0,0.0,252.0,5.0,0.4907247913342696,0.0,0.0,40.13333333333333,0.0,0.0,0.0,0.0,0.0,11112.0,0.0,17,1,0.5463659147869674,342.2455259020928,207.0,0.0,0.0,0.0,0.0,2
714.0,2.0,0.6263616813610404,0.0,0.0,0.0,0.0,0.0,32.0,3.0,0.4634135588234299,0.0,0.0,36.34782608695652,0.0,0.0,0.0,0.0,0.0,1958.0,0.0,18,1,0.5463659147869674,382.16357754239226,385.5,0.0,0.0,0.0,0.0,3
708.0,1.0,-1.000088900581841e-12,0.0,0.0,0.0,0.0,0.0,4.0,1.0,-1.000088900581841e-12,0.0,0.0,34.166666666666664,0.0,0.0,0.0,0.0,0.0,0.0,0.0,18,1,0.5463659147869674,299.01337762715576,562.5,0.0,0.0,0.0,0.0,2
482.0,1.0,-1.000088900581841e-12,0.0,0.0,0.0,0.0,0.0,30.0,3.0,0.9276173343241816,0.0,0.0,33.0,40.0,0.0,0.0,0.0,0.0,0.0,0.0,19,1,0.5463659147869674,115.0347773501564,654.5,0.0,0.0,0.0,0.0,2
602.0,2.0,0.5217299374071402,0.0,0.0,0.0,0.0,0.0,30.0,6.0,1.7094727765782132,0.0,0.0,30.823529411764707,0.0,0.0,0.0,0.0,196.0,6052.0,50.0,19,1,0.5463659147869674,109.20775308252335,626.5,0.0,0.0,0.0,0.0,3
702.0,3.0,0.5879654417142588,0.0,0.0,0.0,0.0,0.0,22.0,4.0,1.1209503926695832,0.0,0.0,28.09090909090909,0.0,0.0,0.0,0.0,198.0,7260.0,36.0,20,1,0.5463659147869674,106.12414114297177,623.5,0.0,0.0,0.0,0.0,3
708.0,1.0,-1.000088900581841e-12,0.0,0.0,0.0,0.0,0.0,16.0,4.0,1.2130075659759043,0.0,0.0,25.8,0.0,0.0,0.0,0.0,0.0,0.0,0.0,20,1,0.5463659147869674,106.12414114297177,623.5,0.0,0.0,0.0,0.0,3
708.0,1.0,-1.000088900581841e-12,0.0,0.0,0.0,0.0,0.0,20.0,4.0,1.3321790402061222,0.0,0.0,24.0,0.0,0.0,0.0,0.0,0.0,0.0,0.0,21,0,0.5463659147869674,52.07686626516672,680.0,0.0,0.0,0.0,0.0,2
0.0,0.0,0.0,0.0,0.0,0.0,0.0,0.0,0.0,0.0,0.0,0.0,0.0,23.0,206.0,0.0,0.0,0.0,0.0,0.0,0.0,21,0,0.5463659147869674,353.0113312628931,529.5,0.0,0.0,0.0,0.0,3
0.0,0.0,0.0,0.0,0.0,0.0,0.0,0.0,0.0,0.0,0.0,0.0,0.0,22.0,0.0,0.0,0.0,0.0,0.0,0.0,0.0,22,0,0.5463659147869674,408.7639905862551,354.0,0.0,0.0,0.0,0.0,3
106.0,3.0,0.726196446689314,0.0,0.0,0.0,0.0,0.0,112.0,16.0,2.5302961951161853,0.0,0.0,20.77777777777778,76.0,98.0,0.0,232.0,206.0,2158.0,38.0,22,0,0.5463659147869674,340.02499908095,203.5,0.0,0.0,0.0,0.0,3
706.0,1.0,-1.000088900581841e-12,0.0,0.0,0.0,0.0,0.0,2.0,1.0,-1.000088900581841e-12,0.0,0.0,18.83333333333333,0.0,0.0,0.0,0.0,0.0,0.0,0.0,23,0,0.5463659147869674,339.0358879725469,203.0,0.0,0.0,0.0,0.0,2
624.0,1.0,-1.000088900581841e-12,0.0,0.0,0.0,0.0,0.0,0.0,0.0,0.0,0.0,0.0,18.0,0.0,0.0,0.0,0.0,0.0,0.0,0.0,23,0,0.5463659147869674,357.5490642322161,359.0,0.0,0.0,0.0,0.0,3
0.0,0.0,0.0,0.0,0.0,0.0,0.0,0.0,0.0,0.0,0.0,0.0,0.0,17.0,130.0,0.0,0.0,0.0,0.0,0.0,0.0,0,0,0.5463659147869674,357.5490642322161,359.0,0.0,0.0,0.0,0.0,3
0.0,0.0,0.0,0.0,0.0,0.0,0.0,0.0,0.0,0.0,0.0,0.0,0.0,17.0,154.0,0.0,0.0,0.0,0.0,0.0,0.0,0,0,0.5463659147869674,385.39460297207074,332.5,0.0,0.0,0.0,0.0,4
0.0,0.0,0.0,0.0,0.0,0.0,0.0,0.0,0.0,0.0,0.0,0.0,0.0,16.0,0.0,0.0,0.0,0.0,0.0,0.0,0.0,1,0,0.5463659147869674,312.0000000000001,156.0,0.0,0.0,0.0,0.0,2
0.0,0.0,0.0,0.0,0.0,0.0,0.0,0.0,0.0,0.0,0.0,0.0,0.0,16.0,0.0,0.0,0.0,0.0,0.0,0.0,0.0,1,0,0.5463659147869674,0.0,0.0,0.0,0.0,0.0,0.0,2
0.0,0.0,0.0,0.0,0.0,0.0,0.0,0.0,0.0,0.0,0.0,0.0,0.0,0.0,122.0,0.0,0.0,0.0,0.0,0.0,0.0,2,0,0.5463659147869674,0.0,0.0,0.0,0.0,0.0,0.0,3
0.0,0.0,0.0,0.0,0.0,0.0,0.0,0.0,0.0,0.0,0.0,0.0,0.0,0.0,76.0,0.0,0.0,0.0,0.0,0.0,0.0,6,0,0.5463659147869674,0.0,0.0,0.0,0.0,0.0,0.0,3
56.0,3.0,0.3068291534379705,0.0,0.0,0.0,0.0,0.0,20.0,3.0,0.8979457248537798,0.0,0.0,10.5,0.0,0.0,0.0,0.0,206.0,3662.0,48.0,8,1,0.5463659147869674,28.00000000000104,14.0,0.0,0.0,0.0,0.0,2
708.0,2.0,0.2328343604364152,0.0,0.0,0.0,0.0,0.0,14.0,3.0,1.0042424730510766,0.0,0.0,8.9375,0.0,0.0,0.0,0.0,0.0,3126.0,0.0,8,1,0.5463659147869674,345.67614901812374,191.0,0.0,0.0,0.0,0.0,3
42.0,1.0,-1.000088900581841e-12,0.0,0.0,0.0,0.0,0.0,476.0,7.0,0.6555565011552792,0.0,0.0,33.333333333333336,0.0,0.0,0.0,0.0,0.0,0.0,0.0,9,1,0.5463659147869674,378.2217162811606,376.5,0.0,0.0,0.0,0.0,2
0.0,0.0,0.0,0.0,0.0,0.0,0.0,0.0,54.0,2.0,0.2640520518236287,0.0,0.0,56.8,0.0,0.0,0.0,0.0,0.0,0.0,0.0,10,1,0.5463659147869674,394.71635385425833,362.5,0.0,0.0,0.0,0.0,3
0.0,0.0,0.0,0.0,0.0,0.0,0.0,0.0,48.0,2.0,0.2868359830541607,0.0,0.0,80.5,0.0,0.0,0.0,0.0,0.0,0.0,0.0,10,1,0.5463659147869674,343.5709533706248,185.5,0.0,0.0,0.0,0.0,2
0.0,0.0,0.0,0.0,0.0,0.0,0.0,0.0,28.0,5.0,1.1275347898141252,0.0,0.0,96.63333333333334,0.0,0.0,0.0,0.0,0.0,0.0,0.0,11,1,0.5463659147869674,21.000000000001386,10.5,0.0,0.0,0.0,0.0,3
0.0,0.0,0.0,0.0,0.0,0.0,0.0,0.0,4.0,1.0,-1.000088900581841e-12,0.0,0.0,100.0,0.0,0.0,0.0,0.0,0.0,0.0,0.0,11,1,0.5463659147869674,0.0,0.0,0.0,0.0,0.0,0.0,3
0.0,0.0,0.0,0.0,0.0,0.0,0.0,0.0,2.0,1.0,-1.000088900581841e-12,0.0,0.0,100.0,0.0,0.0,0.0,0.0,0.0,0.0,0.0,12,1,0.5463659147869674,0.0,0.0,0.0,0.0,0.0,0.0,3
0.0,0.0,0.0,0.0,0.0,0.0,0.0,0.0,12.0,3.0,1.0986122886651095,0.0,0.0,100.0,0.0,0.0,0.0,0.0,0.0,0.0,0.0,12,1,0.5463659147869674,0.0,0.0,0.0,0.0,0.0,0.0,3
0.0,0.0,0.0,0.0,0.0,0.0,0.0,0.0,10.0,3.0,1.054920167983144,0.0,0.0,100.0,0.0,0.0,0.0,0.0,0.0,0.0,0.0,13,1,0.5463659147869674,0.0,0.0,0.0,0.0,0.0,0.0,3
0.0,0.0,0.0,0.0,0.0,0.0,0.0,0.0,62.0,6.0,1.1713435224570945,0.0,0.0,100.0,0.0,0.0,0.0,0.0,0.0,0.0,0.0,13,1,0.5463659147869674,0.0,0.0,0.0,0.0,0.0,0.0,2
0.0,0.0,0.0,0.0,0.0,0.0,0.0,0.0,14.0,3.0,1.0789922078745835,0.0,0.0,100.0,0.0,0.0,0.0,0.0,0.0,0.0,0.0,14,1,0.5463659147869674,0.0,0.0,0.0,0.0,0.0,0.0,2
0.0,0.0,0.0,0.0,0.0,0.0,0.0,0.0,8.0,2.0,0.6931471805579453,0.0,0.0,100.0,0.0,0.0,0.0,0.0,0.0,0.0,0.0,14,1,0.5463659147869674,0.0,0.0,0.0,0.0,0.0,0.0,3
0.0,0.0,0.0,0.0,0.0,0.0,0.0,0.0,8.0,2.0,0.6931471805579453,0.0,0.0,100.0,0.0,0.0,0.0,0.0,0.0,0.0,0.0,15,1,0.5463659147869674,0.0,0.0,0.0,0.0,0.0,0.0,3
0.0,0.0,0.0,0.0,0.0,0.0,0.0,0.0,4.0,1.0,-1.000088900581841e-12,0.0,0.0,100.0,0.0,0.0,0.0,0.0,0.0,0.0,0.0,15,1,0.5463659147869674,0.0,0.0,0.0,0.0,0.0,0.0,3
0.0,0.0,0.0,0.0,0.0,0.0,0.0,0.0,4.0,1.0,-1.000088900581841e-12,0.0,0.0,100.0,0.0,0.0,0.0,0.0,0.0,0.0,0.0,16,1,0.5463659147869674,0.0,0.0,0.0,0.0,0.0,0.0,3
332.0,1.0,-1.000088900581841e-12,0.0,0.0,0.0,0.0,0.0,16.0,4.0,1.3208883431453222,0.0,0.0,100.0,0.0,0.0,0.0,0.0,416.0,0.0,30.0,16,1,0.5463659147869674,166.00000000000017,83.0,0.0,0.0,0.0,0.0,3
702.0,1.0,-1.000088900581841e-12,0.0,0.0,0.0,0.0,0.0,18.0,4.0,1.2730283365856256,0.0,0.0,98.83333333333331,0.0,0.0,0.0,0.0,1872.0,0.0,0.0,17,1,0.5463659147869674,334.5340042506891,258.5,0.0,0.0,0.0,0.0,3
374.0,1.0,-1.000088900581841e-12,0.0,0.0,0.0,0.0,0.0,12.0,1.0,-1.000088900581841e-12,0.0,0.0,98.0,208.0,0.0,0.0,0.0,0.0,0.0,0.0,17,1,0.5463659147869674,287.1050910961584,352.0,0.0,0.0,0.0,0.0,2
0.0,0.0,0.0,0.0,0.0,0.0,0.0,0.0,0.0,0.0,0.0,0.0,0.0,98.0,0.0,0.0,0.0,0.0,0.0,0.0,0.0,18,1,0.5463659147869674,287.1050910961584,352.0,0.0,0.0,0.0,0.0,3
322.0,2.0,0.1383936401806103,0.0,0.0,0.0,0.0,0.0,84.0,12.0,2.3820888482305547,0.0,0.0,96.76470588235294,114.0,0.0,0.0,0.0,416.0,11042.0,80.0,18,1,0.5463659147869674,287.38069988547727,349.5,0.0,0.0,0.0,0.0,3
710.0,1.0,-1.000088900581841e-12,0.0,0.0,0.0,0.0,0.0,36.0,5.0,1.0506652765878128,0.0,0.0,94.6,0.0,84.0,0.0,92.0,0.0,1288.0,0.0,19,1,0.5463659147869674,290.66074152982327,351.5,0.0,0.0,0.0,0.0,3
706.0,1.0,-1.000088900581841e-12,0.0,0.0,0.0,0.0,0.0,32.0,3.0,0.6019239717292895,0.0,0.0,93.66666666666669,0.0,0.0,0.0,0.0,416.0,444.0,44.0,19,1,0.5463659147869674,342.08137433462633,434.5,0.0,0.0,0.0,0.0,4
706.0,1.0,-1.000088900581841e-12,0.0,0.0,0.0,0.0,0.0,6.0,2.0,0.6365141682928128,0.0,0.0,92.83333333333331,0.0,0.0,0.0,0.0,0.0,0.0,0.0,20,1,0.5463659147869674,192.67589366602164,611.0,0.0,0.0,0.0,0.0,3
482.0,1.0,-1.000088900581841e-12,0.0,0.0,0.0,0.0,0.0,10.0,2.0,0.6730116670072565,0.0,0.0,92.0,118.0,0.0,0.0,0.0,0.0,0.0,0.0,20,1,0.5463659147869674,112.68244465458407,651.0,0.0,0.0,0.0,0.0,3
504.0,3.0,0.452899522003323,0.0,0.0,0.0,0.0,0.0,42.0,5.0,1.2446725381667776,0.0,0.0,91.33333333333331,0.0,90.0,0.0,94.0,416.0,2838.0,90.0,21,0,0.5463659147869674,123.30314945964172,599.5,0.0,0.0,0.0,0.0,2
710.0,2.0,0.4802458857037341,0.0,0.0,0.0,0.0,0.0,12.0,4.0,1.3296613488507585,0.0,0.0,88.94444444444444,0.0,0.0,0.0,0.0,0.0,6676.0,0.0,21,0,0.5463659147869674,124.46552400832424,600.5,0.0,0.0,0.0,0.0,3
710.0,1.0,-1.000088900581841e-12,0.0,0.0,0.0,0.0,0.0,4.0,1.0,-1.000088900581841e-12,0.0,0.0,88.0,0.0,0.0,0.0,0.0,0.0,0.0,0.0,22,0,0.5463659147869674,125.60652849275024,601.5,0.0,0.0,0.0,0.0,3
336.0,2.0,0.1914440819557173,0.0,0.0,0.0,0.0,0.0,22.0,4.0,1.1685184057390878,0.0,0.0,86.6923076923077,98.0,0.0,0.0,0.0,208.0,1154.0,46.0,22,0,0.5463659147869674,180.9346106562628,565.0,0.0,0.0,0.0,0.0,3
0.0,0.0,0.0,0.0,0.0,0.0,0.0,0.0,0.0,0.0,0.0,0.0,0.0,78.0,0.0,0.0,0.0,0.0,0.0,0.0,0.0,5,0,0.5463659147869674,0.0,0.0,0.0,0.0,0.0,0.0,3
0.0,0.0,0.0,0.0,0.0,0.0,0.0,0.0,22.0,1.0,-1.000088900581841e-12,0.0,0.0,77.16666666666667,206.0,0.0,0.0,0.0,0.0,0.0,0.0,6,0,0.5463659147869674,0.0,0.0,0.0,0.0,0.0,0.0,2
0.0,0.0,0.0,0.0,0.0,0.0,0.0,0.0,0.0,0.0,0.0,0.0,0.0,77.0,0.0,0.0,0.0,0.0,0.0,0.0,0.0,6,0,0.5463659147869674,0.0,0.0,0.0,0.0,0.0,0.0,2
0.0,0.0,0.0,0.0,0.0,0.0,0.0,0.0,4.0,1.0,-1.000088900581841e-12,0.0,0.0,76.0,0.0,0.0,0.0,0.0,0.0,0.0,0.0,7,0,0.5463659147869674,0.0,0.0,0.0,0.0,0.0,0.0,2
0.0,0.0,0.0,0.0,0.0,0.0,0.0,0.0,4.0,1.0,-1.000088900581841e-12,0.0,0.0,76.0,0.0,0.0,0.0,0.0,0.0,0.0,0.0,7,0,0.5463659147869674,0.0,0.0,0.0,0.0,0.0,0.0,3
0.0,0.0,0.0,0.0,0.0,0.0,0.0,0.0,0.0,0.0,0.0,0.0,0.0,75.0,0.0,0.0,0.0,0.0,0.0,0.0,0.0,8,1,0.5463659147869674,0.0,0.0,0.0,0.0,0.0,0.0,2
0.0,0.0,0.0,0.0,0.0,0.0,0.0,0.0,4.0,1.0,-1.000088900581841e-12,0.0,0.0,75.0,0.0,0.0,0.0,0.0,0.0,0.0,0.0,8,1,0.5463659147869674,0.0,0.0,0.0,0.0,0.0,0.0,2
0.0,0.0,0.0,0.0,0.0,0.0,0.0,0.0,2.0,1.0,-1.000088900581841e-12,0.0,0.0,74.16666666666667,0.0,0.0,0.0,0.0,0.0,0.0,0.0,9,1,0.5463659147869674,0.0,0.0,0.0,0.0,0.0,0.0,2
388.0,1.0,-1.000088900581841e-12,0.0,0.0,0.0,0.0,0.0,74.0,10.0,2.02737025567793,0.0,0.0,73.0,0.0,0.0,0.0,0.0,624.0,376.0,80.0,9,1,0.5463659147869674,194.0000000000002,97.0,0.0,0.0,0.0,0.0,2
712.0,1.0,-1.000088900581841e-12,0.0,0.0,0.0,0.0,0.0,4.0,1.0,-1.000088900581841e-12,0.0,0.0,72.0,0.0,0.0,0.0,0.0,0.0,0.0,0.0,10,1,0.5463659147869674,343.99030994104095,275.0,0.0,0.0,0.0,0.0,2
318.0,1.0,-1.000088900581841e-12,0.0,0.0,0.0,0.0,0.0,0.0,0.0,0.0,0.0,0.0,71.33333333333333,120.0,0.0,0.0,0.0,0.0,0.0,0.0,10,1,0.5463659147869674,292.07932712421365,354.5,0.0,0.0,0.0,0.0,3
0.0,0.0,0.0,0.0,0.0,0.0,0.0,0.0,0.0,0.0,0.0,0.0,0.0,71.0,0.0,0.0,0.0,0.0,0.0,0.0,0.0,11,1,0.5463659147869674,292.07932712421365,354.5,0.0,0.0,0.0,0.0,3
0.0,0.0,0.0,0.0,0.0,0.0,0.0,0.0,10.0,2.0,0.5004024235361879,0.0,0.0,69.83333333333333,98.0,0.0,0.0,0.0,0.0,0.0,0.0,11,1,0.5463659147869674,338.0547292968996,257.5,0.0,0.0,0.0,0.0,3
0.0,0.0,0.0,0.0,0.0,0.0,0.0,0.0,2.0,1.0,-1.000088900581841e-12,0.0,0.0,69.0,0.0,0.0,0.0,0.0,0.0,0.0,0.0,12,1,0.5463659147869674,159.00000000000023,79.5,0.0,0.0,0.0,0.0,3
0.0,0.0,0.0,0.0,0.0,0.0,0.0,0.0,0.0,0.0,0.0,0.0,0.0,68.0,0.0,0.0,0.0,0.0,0.0,0.0,0.0,12,1,0.5463659147869674,0.0,0.0,0.0,0.0,0.0,0.0,2
0.0,0.0,0.0,0.0,0.0,0.0,0.0,0.0,8.0,1.0,-1.000088900581841e-12,0.0,0.0,67.0,0.0,0.0,0.0,0.0,0.0,0.0,0.0,13,1,0.5463659147869674,0.0,0.0,0.0,0.0,0.0,0.0,3
0.0,0.0,0.0,0.0,0.0,0.0,0.0,0.0,28.0,4.0,1.1973401339927785,0.0,0.0,65.5,138.0,0.0,0.0,0.0,0.0,0.0,0.0,13,1,0.5463659147869674,0.0,0.0,0.0,0.0,0.0,0.0,2
0.0,0.0,0.0,0.0,0.0,0.0,0.0,0.0,14.0,3.0,0.9556998911095343,0.0,0.0,64.5,0.0,0.0,0.0,0.0,0.0,0.0,0.0,14,1,0.5463659147869674,0.0,0.0,0.0,0.0,0.0,0.0,2
0.0,0.0,0.0,0.0,0.0,0.0,0.0,0.0,0.0,0.0,0.0,0.0,0.0,63.0,0.0,0.0,0.0,0.0,0.0,0.0,0.0,14,1,0.5463659147869674,0.0,0.0,0.0,0.0,0.0,0.0,2
0.0,0.0,0.0,0.0,0.0,0.0,0.0,0.0,8.0,1.0,-1.000088900581841e-12,0.0,0.0,61.66666666666666,0.0,0.0,0.0,0.0,0.0,0.0,0.0,15,1,0.5463659147869674,0.0,0.0,0.0,0.0,0.0,0.0,2
0.0,0.0,0.0,0.0,0.0,0.0,0.0,0.0,4.0,1.0,-1.000088900581841e-12,0.0,0.0,60.66666666666666,0.0,0.0,0.0,0.0,0.0,0.0,0.0,15,1,0.5463659147869674,0.0,0.0,0.0,0.0,0.0,0.0,2
0.0,0.0,0.0,0.0,0.0,0.0,0.0,0.0,0.0,0.0,0.0,0.0,0.0,59.833333333333336,0.0,0.0,0.0,0.0,0.0,0.0,0.0,16,1,0.5463659147869674,0.0,0.0,0.0,0.0,0.0,0.0,2
0.0,0.0,0.0,0.0,0.0,0.0,0.0,0.0,0.0,0.0,0.0,0.0,0.0,59.0,0.0,0.0,0.0,0.0,0.0,0.0,0.0,16,1,0.5463659147869674,0.0,0.0,0.0,0.0,0.0,0.0,2
624.0,6.0,1.384489733004977,0.0,0.0,0.0,0.0,0.0,130.0,12.0,2.115723349510471,0.0,0.0,55.5,0.0,0.0,0.0,0.0,1248.0,19218.0,234.0,17,1,0.5463659147869674,312.0000000000001,156.0,0.0,0.0,0.0,0.0,3
708.0,5.0,0.7068898070434921,0.0,0.0,0.0,0.0,0.0,64.0,8.0,1.7586739225747128,0.0,0.0,52.64705882352941,0.0,0.0,0.0,0.0,416.0,3502.0,60.0,17,1,0.5463659147869674,386.0414485518363,333.0,0.0,0.0,0.0,0.0,2
0.0,0.0,0.0,0.0,0.0,0.0,0.0,0.0,6.0,1.0,-1.000088900581841e-12,0.0,0.0,100.0,0.0,0.0,0.0,0.0,208.0,0.0,0.0,21,0,0.5463659147869674,0.0,0.0,0.0,0.0,0.0,0.0,2
0.0,0.0,0.0,0.0,0.0,0.0,0.0,0.0,12.0,4.0,1.3296613488507585,0.0,0.0,100.0,0.0,0.0,0.0,0.0,0.0,0.0,0.0,22,0,0.5463659147869674,0.0,0.0,0.0,0.0,0.0,0.0,3
0.0,0.0,0.0,0.0,0.0,0.0,0.0,0.0,8.0,2.0,0.6931471805579453,0.0,0.0,100.0,44.0,0.0,0.0,0.0,208.0,0.0,0.0,22,0,0.5463659147869674,0.0,0.0,0.0,0.0,0.0,0.0,3
0.0,0.0,0.0,0.0,0.0,0.0,0.0,0.0,0.0,0.0,0.0,0.0,0.0,100.0,0.0,0.0,0.0,0.0,208.0,0.0,0.0,23,0,0.5463659147869674,0.0,0.0,0.0,0.0,0.0,0.0,4
0.0,0.0,0.0,0.0,0.0,0.0,0.0,0.0,8.0,2.0,0.6931471805579453,0.0,0.0,100.0,92.0,0.0,0.0,0.0,0.0,0.0,0.0,23,0,0.5463659147869674,0.0,0.0,0.0,0.0,0.0,0.0,3
0.0,0.0,0.0,0.0,0.0,0.0,0.0,0.0,0.0,0.0,0.0,0.0,0.0,100.0,0.0,0.0,0.0,0.0,0.0,0.0,0.0,0,0,0.5463659147869674,0.0,0.0,0.0,0.0,0.0,0.0,3
0.0,0.0,0.0,0.0,0.0,0.0,0.0,0.0,0.0,0.0,0.0,0.0,0.0,99.0,0.0,0.0,0.0,0.0,0.0,0.0,0.0,0,0,0.5463659147869674,0.0,0.0,0.0,0.0,0.0,0.0,3
0.0,0.0,0.0,0.0,0.0,0.0,0.0,0.0,0.0,0.0,0.0,0.0,0.0,98.66666666666669,0.0,0.0,0.0,0.0,0.0,0.0,0.0,1,0,0.5463659147869674,0.0,0.0,0.0,0.0,0.0,0.0,2
0.0,0.0,0.0,0.0,0.0,0.0,0.0,0.0,14.0,1.0,-1.000088900581841e-12,0.0,0.0,98.0,116.0,0.0,0.0,0.0,0.0,0.0,0.0,1,0,0.5463659147869674,0.0,0.0,0.0,0.0,0.0,0.0,3
0.0,0.0,0.0,0.0,0.0,0.0,0.0,0.0,0.0,0.0,0.0,0.0,0.0,97.0,0.0,0.0,0.0,0.0,0.0,0.0,0.0,2,0,0.5463659147869674,0.0,0.0,0.0,0.0,0.0,0.0,2
0.0,0.0,0.0,0.0,0.0,0.0,0.0,0.0,0.0,0.0,0.0,0.0,0.0,96.5,0.0,0.0,0.0,0.0,0.0,0.0,0.0,2,0,0.5463659147869674,0.0,0.0,0.0,0.0,0.0,0.0,3
0.0,0.0,0.0,0.0,0.0,0.0,0.0,0.0,0.0,0.0,0.0,0.0,0.0,96.0,0.0,0.0,0.0,0.0,0.0,0.0,0.0,3,0,0.5463659147869674,0.0,0.0,0.0,0.0,0.0,0.0,3
0.0,0.0,0.0,0.0,0.0,0.0,0.0,0.0,2.0,1.0,-1.000088900581841e-12,0.0,0.0,95.33333333333331,0.0,0.0,0.0,0.0,0.0,0.0,0.0,3,0,0.5463659147869674,0.0,0.0,0.0,0.0,0.0,0.0,2
0.0,0.0,0.0,0.0,0.0,0.0,0.0,0.0,0.0,0.0,0.0,0.0,0.0,95.0,0.0,0.0,0.0,0.0,0.0,0.0,0.0,4,0,0.5463659147869674,0.0,0.0,0.0,0.0,0.0,0.0,2
0.0,0.0,0.0,0.0,0.0,0.0,0.0,0.0,0.0,0.0,0.0,0.0,0.0,94.16666666666669,0.0,0.0,0.0,0.0,0.0,0.0,0.0,4,0,0.5463659147869674,0.0,0.0,0.0,0.0,0.0,0.0,2
0.0,0.0,0.0,0.0,0.0,0.0,0.0,0.0,0.0,0.0,0.0,0.0,0.0,93.83333333333331,0.0,0.0,0.0,0.0,0.0,0.0,0.0,5,0,0.5463659147869674,0.0,0.0,0.0,0.0,0.0,0.0,2
0.0,0.0,0.0,0.0,0.0,0.0,0.0,0.0,22.0,1.0,-1.000088900581841e-12,0.0,0.0,93.0,76.0,0.0,0.0,0.0,0.0,0.0,0.0,5,0,0.5463659147869674,0.0,0.0,0.0,0.0,0.0,0.0,2
0.0,0.0,0.0,0.0,0.0,0.0,0.0,0.0,2.0,1.0,-1.000088900581841e-12,0.0,0.0,92.16666666666669,0.0,0.0,0.0,0.0,0.0,0.0,0.0,6,0,0.5463659147869674,0.0,0.0,0.0,0.0,0.0,0.0,3
0.0,0.0,0.0,0.0,0.0,0.0,0.0,0.0,0.0,0.0,0.0,0.0,0.0,92.0,0.0,0.0,0.0,0.0,0.0,0.0,0.0,6,0,0.5463659147869674,0.0,0.0,0.0,0.0,0.0,0.0,2
0.0,0.0,0.0,0.0,0.0,0.0,0.0,0.0,0.0,0.0,0.0,0.0,0.0,91.0,0.0,0.0,0.0,0.0,0.0,0.0,0.0,7,0,0.5463659147869674,0.0,0.0,0.0,0.0,0.0,0.0,2
0.0,0.0,0.0,0.0,0.0,0.0,0.0,0.0,26.0,3.0,0.7902679680715903,0.0,192.0,90.5,0.0,0.0,0.0,0.0,416.0,0.0,0.0,7,0,0.5463659147869674,0.0,0.0,0.0,0.0,0.0,0.0,3
0.0,0.0,0.0,0.0,0.0,0.0,0.0,0.0,0.0,0.0,0.0,0.0,0.0,89.66666666666667,0.0,0.0,0.0,0.0,208.0,0.0,0.0,8,1,0.5463659147869674,0.0,0.0,0.0,0.0,0.0,0.0,2
0.0,0.0,0.0,0.0,0.0,0.0,0.0,0.0,0.0,0.0,0.0,0.0,0.0,48.16666666666666,0.0,0.0,0.0,0.0,0.0,0.0,0.0,1,0,0.5463659147869674,0.0,0.0,0.0,0.0,0.0,0.0,2
0.0,0.0,0.0,0.0,0.0,0.0,0.0,0.0,16.0,2.0,0.3767701612544368,0.0,0.0,47.833333333333336,2.0,0.0,0.0,0.0,0.0,0.0,0.0,1,0,0.5463659147869674,0.0,0.0,0.0,0.0,0.0,0.0,3
0.0,0.0,0.0,0.0,0.0,0.0,0.0,0.0,0.0,0.0,0.0,0.0,0.0,47.0,0.0,0.0,0.0,0.0,0.0,0.0,0.0,2,0,0.5463659147869674,0.0,0.0,0.0,0.0,0.0,0.0,3
0.0,0.0,0.0,0.0,0.0,0.0,0.0,0.0,0.0,0.0,0.0,0.0,0.0,46.0,0.0,0.0,0.0,0.0,0.0,0.0,0.0,2,0,0.5463659147869674,0.0,0.0,0.0,0.0,0.0,0.0,2
0.0,0.0,0.0,0.0,0.0,0.0,0.0,0.0,0.0,0.0,0.0,0.0,0.0,45.16666666666666,0.0,0.0,0.0,0.0,0.0,0.0,0.0,3,0,0.5463659147869674,0.0,0.0,0.0,0.0,0.0,0.0,1
0.0,0.0,0.0,0.0,0.0,0.0,0.0,0.0,0.0,0.0,0.0,0.0,0.0,44.66666666666666,0.0,0.0,0.0,0.0,0.0,0.0,0.0,3,0,0.5463659147869674,0.0,0.0,0.0,0.0,0.0,0.0,2
0.0,0.0,0.0,0.0,0.0,0.0,0.0,0.0,0.0,0.0,0.0,0.0,0.0,44.0,0.0,0.0,0.0,0.0,0.0,0.0,0.0,4,0,0.5463659147869674,0.0,0.0,0.0,0.0,0.0,0.0,2
0.0,0.0,0.0,0.0,0.0,0.0,0.0,0.0,0.0,0.0,0.0,0.0,0.0,43.16666666666666,0.0,0.0,0.0,0.0,0.0,0.0,0.0,4,0,0.5463659147869674,0.0,0.0,0.0,0.0,0.0,0.0,2
0.0,0.0,0.0,0.0,0.0,0.0,0.0,0.0,0.0,0.0,0.0,0.0,0.0,42.833333333333336,0.0,0.0,0.0,0.0,0.0,0.0,0.0,5,0,0.5463659147869674,0.0,0.0,0.0,0.0,0.0,0.0,2
0.0,0.0,0.0,0.0,0.0,0.0,0.0,0.0,0.0,0.0,0.0,0.0,0.0,42.0,0.0,0.0,0.0,0.0,0.0,0.0,0.0,5,0,0.5463659147869674,0.0,0.0,0.0,0.0,0.0,0.0,2
0.0,0.0,0.0,0.0,0.0,0.0,0.0,0.0,0.0,0.0,0.0,0.0,0.0,41.333333333333336,0.0,0.0,0.0,0.0,0.0,0.0,0.0,6,0,0.5463659147869674,0.0,0.0,0.0,0.0,0.0,0.0,1
0.0,0.0,0.0,0.0,0.0,0.0,0.0,0.0,0.0,0.0,0.0,0.0,0.0,40.66666666666666,0.0,0.0,0.0,0.0,0.0,0.0,0.0,6,0,0.5463659147869674,0.0,0.0,0.0,0.0,0.0,0.0,2
0.0,0.0,0.0,0.0,0.0,0.0,0.0,0.0,2.0,1.0,-1.000088900581841e-12,0.0,0.0,40.0,0.0,0.0,0.0,0.0,0.0,0.0,0.0,7,0,0.5463659147869674,0.0,0.0,0.0,0.0,0.0,0.0,3
0.0,0.0,0.0,0.0,0.0,0.0,0.0,0.0,30.0,3.0,0.7298712099801165,0.0,0.0,39.16666666666666,2.0,0.0,0.0,0.0,0.0,0.0,0.0,7,0,0.5463659147869674,0.0,0.0,0.0,0.0,0.0,0.0,2
0.0,0.0,0.0,0.0,0.0,0.0,0.0,0.0,0.0,0.0,0.0,0.0,0.0,38.0,0.0,0.0,0.0,0.0,0.0,0.0,0.0,8,1,0.5463659147869674,0.0,0.0,0.0,0.0,0.0,0.0,2
0.0,0.0,0.0,0.0,0.0,0.0,0.0,0.0,6.0,2.0,0.6365141682928128,0.0,0.0,37.333333333333336,0.0,0.0,0.0,0.0,0.0,0.0,0.0,8,1,0.5463659147869674,0.0,0.0,0.0,0.0,0.0,0.0,2
0.0,0.0,0.0,0.0,0.0,0.0,0.0,0.0,6.0,2.0,0.6365141682928128,0.0,0.0,36.5,0.0,0.0,0.0,0.0,0.0,0.0,0.0,9,1,0.5463659147869674,0.0,0.0,0.0,0.0,0.0,0.0,1
0.0,0.0,0.0,0.0,0.0,0.0,0.0,0.0,4.0,1.0,-1.000088900581841e-12,0.0,0.0,35.666666666666664,0.0,0.0,0.0,0.0,0.0,0.0,0.0,9,1,0.5463659147869674,0.0,0.0,0.0,0.0,0.0,0.0,2
0.0,0.0,0.0,0.0,0.0,0.0,0.0,0.0,4.0,1.0,-1.000088900581841e-12,0.0,0.0,34.666666666666664,0.0,0.0,0.0,0.0,0.0,0.0,0.0,10,1,0.5463659147869674,0.0,0.0,0.0,0.0,0.0,0.0,2
0.0,0.0,0.0,0.0,0.0,0.0,0.0,0.0,10.0,2.0,0.6730116670072565,0.0,0.0,33.833333333333336,0.0,0.0,0.0,0.0,0.0,0.0,0.0,10,1,0.5463659147869674,0.0,0.0,0.0,0.0,0.0,0.0,1
0.0,0.0,0.0,0.0,0.0,0.0,0.0,0.0,0.0,0.0,0.0,0.0,0.0,32.5,0.0,0.0,0.0,0.0,0.0,0.0,0.0,11,1,0.5463659147869674,0.0,0.0,0.0,0.0,0.0,0.0,3
0.0,0.0,0.0,0.0,0.0,0.0,0.0,0.0,4.0,1.0,-1.000088900581841e-12,0.0,0.0,31.5,0.0,0.0,0.0,0.0,0.0,0.0,0.0,11,1,0.5463659147869674,0.0,0.0,0.0,0.0,0.0,0.0,3
0.0,0.0,0.0,0.0,0.0,0.0,0.0,0.0,0.0,0.0,0.0,0.0,0.0,30.83333333333333,0.0,0.0,0.0,0.0,0.0,0.0,0.0,12,1,0.5463659147869674,0.0,0.0,0.0,0.0,0.0,0.0,3
304.0,5.0,1.0807334798559816,0.0,0.0,0.0,0.0,0.0,40.0,5.0,1.26100156517392,0.0,0.0,28.41176470588235,0.0,0.0,0.0,0.0,2.0,968.0,2.0,12,1,0.5463659147869674,152.0000000000003,76.0,0.0,0.0,0.0,0.0,3
0.0,0.0,0.0,0.0,0.0,0.0,0.0,0.0,4.0,1.0,-1.000088900581841e-12,0.0,0.0,84.83333333333333,0.0,0.0,0.0,0.0,0.0,0.0,0.0,22,0,0.5463659147869674,0.0,0.0,0.0,0.0,0.0,0.0,3
0.0,0.0,0.0,0.0,0.0,0.0,0.0,0.0,4.0,1.0,-1.000088900581841e-12,0.0,0.0,83.33333333333333,0.0,0.0,0.0,0.0,0.0,0.0,0.0,23,0,0.5463659147869674,0.0,0.0,0.0,0.0,0.0,0.0,2
0.0,0.0,0.0,0.0,0.0,0.0,0.0,0.0,0.0,0.0,0.0,0.0,0.0,81.5,0.0,0.0,0.0,0.0,0.0,0.0,0.0,0,0,0.5463659147869674,0.0,0.0,0.0,0.0,0.0,0.0,1
0.0,0.0,0.0,0.0,0.0,0.0,0.0,0.0,0.0,0.0,0.0,0.0,0.0,79.0,0.0,0.0,0.0,0.0,0.0,0.0,0.0,1,0,0.5463659147869674,0.0,0.0,0.0,0.0,0.0,0.0,2
0.0,0.0,0.0,0.0,0.0,0.0,0.0,0.0,0.0,0.0,0.0,0.0,0.0,78.0,0.0,0.0,0.0,0.0,0.0,0.0,0.0,2,0,0.5463659147869674,0.0,0.0,0.0,0.0,0.0,0.0,2
0.0,0.0,0.0,0.0,0.0,0.0,0.0,0.0,0.0,0.0,0.0,0.0,0.0,77.0,0.0,0.0,0.0,0.0,0.0,0.0,0.0,3,0,0.5463659147869674,0.0,0.0,0.0,0.0,0.0,0.0,2
0.0,0.0,0.0,0.0,0.0,0.0,0.0,0.0,0.0,0.0,0.0,0.0,0.0,76.33333333333333,0.0,0.0,0.0,0.0,0.0,0.0,0.0,4,0,0.5463659147869674,0.0,0.0,0.0,0.0,0.0,0.0,2
0.0,0.0,0.0,0.0,0.0,0.0,0.0,0.0,0.0,0.0,0.0,0.0,0.0,75.5,0.0,0.0,0.0,0.0,0.0,0.0,0.0,5,0,0.5463659147869674,0.0,0.0,0.0,0.0,0.0,0.0,2
0.0,0.0,0.0,0.0,0.0,0.0,0.0,0.0,0.0,0.0,0.0,0.0,0.0,74.5,0.0,0.0,0.0,0.0,0.0,0.0,0.0,6,0,0.5463659147869674,0.0,0.0,0.0,0.0,0.0,0.0,2
408.0,1.0,-1.000088900581841e-12,0.0,0.0,0.0,0.0,0.0,4.0,1.0,-1.000088900581841e-12,0.0,0.0,58.16666666666666,0.0,0.0,0.0,0.0,0.0,0.0,0.0,11,1,0.5463659147869674,150.38949431393166,633.5,0.0,0.0,0.0,0.0,1
716.0,1.0,-1.000088900581841e-12,0.0,0.0,0.0,0.0,0.0,10.0,2.0,0.6730116670072565,0.0,0.0,53.7,0.0,0.0,0.0,0.0,0.0,216.0,0.0,12,1,0.5463659147869674,197.13616275728492,543.0,0.0,0.0,0.0,0.0,3
714.0,4.0,0.4694331408813438,0.0,0.0,0.0,0.0,0.0,24.0,4.0,1.2860573368703792,0.0,0.0,47.4,0.0,0.0,0.0,0.0,14.0,382.0,12.0,13,1,0.5463659147869674,187.33570579755144,621.0,0.0,0.0,0.0,0.0,3
706.0,3.0,0.9345173668441212,0.0,0.0,0.0,0.0,0.0,26.0,3.0,1.0123308391001735,0.0,0.0,41.72727272727273,0.0,0.0,0.0,0.0,36.0,476.0,16.0,14,1,0.5463659147869674,4.000000000011115,712.0,0.0,0.0,0.0,0.0,3
302.0,1.0,-1.000088900581841e-12,0.0,0.0,0.0,0.0,0.0,6.0,2.0,0.6365141682928128,0.0,0.0,39.16666666666666,18.0,0.0,0.0,0.0,0.0,0.0,0.0,15,1,0.5463659147869674,203.6950334855192,607.5,0.0,0.0,0.0,0.0,3
0.0,0.0,0.0,0.0,0.0,0.0,0.0,0.0,14.0,3.0,0.9556998911095343,0.0,0.0,37.833333333333336,14.0,0.0,0.0,0.0,0.0,0.0,0.0,16,1,0.5463659147869674,335.3818719012704,252.5,0.0,0.0,0.0,0.0,3
0.0,0.0,0.0,0.0,0.0,0.0,0.0,0.0,8.0,1.0,-1.000088900581841e-12,0.0,0.0,36.5,0.0,0.0,0.0,0.0,0.0,0.0,0.0,17,1,0.5463659147869674,0.0,0.0,0.0,0.0,0.0,0.0,3
0.0,0.0,0.0,0.0,0.0,0.0,0.0,0.0,28.0,4.0,1.277034259462139,0.0,0.0,34.833333333333336,16.0,0.0,0.0,0.0,0.0,0.0,0.0,18,1,0.5463659147869674,0.0,0.0,0.0,0.0,0.0,0.0,2
0.0,0.0,0.0,0.0,0.0,0.0,0.0,0.0,0.0,0.0,0.0,0.0,0.0,32.666666666666664,12.0,0.0,0.0,0.0,0.0,0.0,0.0,19,1,0.5463659147869674,0.0,0.0,0.0,0.0,0.0,0.0,2
452.0,2.0,0.2441508436066435,0.0,0.0,0.0,0.0,0.0,26.0,5.0,1.4180693652466907,0.0,0.0,30.133333333333333,0.0,0.0,0.0,0.0,36.0,354.0,12.0,20,1,0.5463659147869674,226.0000000000002,113.0,0.0,0.0,0.0,0.0,2
0.0,0.0,0.0,0.0,0.0,0.0,0.0,0.0,4.0,1.0,-1.000088900581841e-12,0.0,0.0,100.0,0.0,0.0,0.0,0.0,0.0,0.0,0.0,2,0,0.5463659147869674,0.0,0.0,0.0,0.0,0.0,0.0,2
0.0,0.0,0.0,0.0,0.0,0.0,0.0,0.0,0.0,0.0,0.0,0.0,0.0,100.0,0.0,0.0,0.0,0.0,0.0,0.0,0.0,3,0,0.5463659147869674,0.0,0.0,0.0,0.0,0.0,0.0,2
0.0,0.0,0.0,0.0,0.0,0.0,0.0,0.0,8.0,2.0,0.6931471805579453,0.0,0.0,100.0,0.0,0.0,0.0,0.0,0.0,0.0,0.0,4,0,0.5463659147869674,0.0,0.0,0.0,0.0,0.0,0.0,2
698.0,3.0,0.1891509679639439,0.0,0.0,0.0,0.0,0.0,24.0,5.0,1.5171063970560277,0.0,0.0,100.0,0.0,0.0,0.0,0.0,22.0,400.0,8.0,13,1,0.5463659147869674,349.00000000000017,174.5,0.0,0.0,0.0,0.0,3
0.0,0.0,0.0,0.0,0.0,0.0,0.0,0.0,0.0,0.0,0.0,0.0,0.0,89.5,0.0,0.0,0.0,0.0,0.0,0.0,0.0,21,0,0.5463659147869674,0.0,0.0,0.0,0.0,0.0,0.0,3
0.0,0.0,0.0,0.0,0.0,0.0,0.0,0.0,4.0,1.0,-1.000088900581841e-12,0.0,0.0,88.0,0.0,0.0,0.0,0.0,0.0,0.0,0.0,22,0,0.5463659147869674,0.0,0.0,0.0,0.0,0.0,0.0,2
0.0,0.0,0.0,0.0,0.0,0.0,0.0,0.0,0.0,0.0,0.0,0.0,0.0,87.0,0.0,0.0,0.0,0.0,0.0,0.0,0.0,23,0,0.5463659147869674,0.0,0.0,0.0,0.0,0.0,0.0,3
0.0,0.0,0.0,0.0,0.0,0.0,0.0,0.0,0.0,0.0,0.0,0.0,0.0,85.83333333333333,0.0,0.0,0.0,0.0,0.0,0.0,0.0,0,0,0.5463659147869674,0.0,0.0,0.0,0.0,0.0,0.0,3
0.0,0.0,0.0,0.0,0.0,0.0,0.0,0.0,4.0,1.0,-1.000088900581841e-12,0.0,0.0,84.16666666666667,0.0,0.0,0.0,0.0,0.0,0.0,0.0,1,0,0.5463659147869674,0.0,0.0,0.0,0.0,0.0,0.0,3
0.0,0.0,0.0,0.0,0.0,0.0,0.0,0.0,20.0,2.0,0.5004024235361879,0.0,0.0,83.0,18.0,0.0,0.0,0.0,0.0,0.0,0.0,2,0,0.5463659147869674,0.0,0.0,0.0,0.0,0.0,0.0,3
0.0,0.0,0.0,0.0,0.0,0.0,0.0,0.0,0.0,0.0,0.0,0.0,0.0,80.5,0.0,0.0,0.0,0.0,0.0,0.0,0.0,3,0,0.5463659147869674,0.0,0.0,0.0,0.0,0.0,0.0,2
0.0,0.0,0.0,0.0,0.0,0.0,0.0,0.0,4.0,1.0,-1.000088900581841e-12,0.0,0.0,78.83333333333333,0.0,0.0,0.0,0.0,0.0,0.0,0.0,4,0,0.5463659147869674,0.0,0.0,0.0,0.0,0.0,0.0,3
0.0,0.0,0.0,0.0,0.0,0.0,0.0,0.0,0.0,0.0,0.0,0.0,0.0,78.0,0.0,0.0,0.0,0.0,0.0,0.0,0.0,5,0,0.5463659147869674,0.0,0.0,0.0,0.0,0.0,0.0,2
0.0,0.0,0.0,0.0,0.0,0.0,0.0,0.0,0.0,0.0,0.0,0.0,0.0,77.0,0.0,0.0,0.0,0.0,0.0,0.0,0.0,6,0,0.5463659147869674,0.0,0.0,0.0,0.0,0.0,0.0,3
0.0,0.0,0.0,0.0,0.0,0.0,0.0,0.0,4.0,1.0,-1.000088900581841e-12,0.0,0.0,76.0,0.0,0.0,0.0,0.0,0.0,0.0,0.0,7,0,0.5463659147869674,0.0,0.0,0.0,0.0,0.0,0.0,3
136.0,3.0,0.7409375059573076,0.0,0.0,0.0,0.0,0.0,50.0,6.0,1.3996281119226728,0.0,0.0,74.66666666666667,14.0,0.0,0.0,0.0,24.0,778.0,12.0,8,1,0.5463659147869674,68.00000000000071,34.0,0.0,0.0,0.0,0.0,3
0.0,0.0,0.0,0.0,0.0,0.0,0.0,0.0,0.0,0.0,0.0,0.0,0.0,70.0,0.0,0.0,0.0,0.0,0.0,0.0,0.0,10,1,0.5463659147869674,356.11374587342186,403.5,0.0,0.0,0.0,0.0,3
0.0,0.0,0.0,0.0,0.0,0.0,0.0,0.0,0.0,0.0,0.0,0.0,0.0,68.0,0.0,0.0,0.0,0.0,0.0,0.0,0.0,11,1,0.5463659147869674,104.0000000000006,52.0,0.0,0.0,0.0,0.0,2
0.0,0.0,0.0,0.0,0.0,0.0,0.0,0.0,0.0,0.0,0.0,0.0,0.0,66.16666666666667,0.0,0.0,0.0,0.0,0.0,0.0,0.0,12,1,0.5463659147869674,0.0,0.0,0.0,0.0,0.0,0.0,2
66.0,3.0,0.2706407936137974,0.0,0.0,0.0,0.0,0.0,82.0,12.0,2.261117601801164,0.0,0.0,63.66666666666666,0.0,0.0,0.0,0.0,30.0,186.0,12.0,13,1,0.5463659147869674,33.00000000000187,16.5,0.0,0.0,0.0,0.0,2
704.0,1.0,-1.000088900581841e-12,0.0,0.0,0.0,0.0,0.0,116.0,3.0,0.2987580581863401,0.0,0.0,59.16666666666666,0.0,0.0,0.0,0.0,0.0,0.0,0.0,14,1,0.5463659147869674,388.91472930022434,369.0,0.0,0.0,0.0,0.0,2
714.0,9.0,1.385959940298897,0.0,0.0,0.0,0.0,0.0,154.0,6.0,1.1271647950787194,0.0,0.0,54.64,0.0,0.0,0.0,0.0,30.0,4490.0,14.0,15,1,0.5463659147869674,4.760952285708148,707.0,0.0,0.0,0.0,0.0,3
702.0,1.0,-1.000088900581841e-12,0.0,0.0,0.0,0.0,0.0,0.0,0.0,0.0,0.0,0.0,50.0,0.0,0.0,0.0,0.0,0.0,0.0,0.0,16,1,0.5463659147869674,5.259911279364856,706.5,0.0,0.0,0.0,0.0,2
0.0,0.0,0.0,0.0,0.0,0.0,0.0,0.0,44.0,2.0,0.3046360973472382,0.0,0.0,49.0,0.0,0.0,0.0,0.0,0.0,0.0,0.0,17,1,0.5463659147869674,360.06434610126763,399.5,0.0,0.0,0.0,0.0,3
710.0,1.0,-1.000088900581841e-12,0.0,0.0,0.0,0.0,0.0,0.0,0.0,0.0,0.0,0.0,47.66666666666666,0.0,0.0,0.0,0.0,0.0,0.0,0.0,18,1,0.5463659147869674,307.0694818223829,267.5,0.0,0.0,0.0,0.0,3
0.0,0.0,0.0,0.0,0.0,0.0,0.0,0.0,20.0,3.0,0.8979457248537798,0.0,0.0,46.16666666666666,22.0,0.0,0.0,0.0,0.0,0.0,0.0,19,1,0.5463659147869674,327.2323333657603,355.5,0.0,0.0,0.0,0.0,2
664.0,7.0,0.8881130186247981,0.0,0.0,0.0,0.0,0.0,140.0,9.0,1.7309962582251202,0.0,0.0,41.88,0.0,0.0,0.0,0.0,30.0,3798.0,20.0,20,1,0.5463659147869674,351.6868872543683,301.5,0.0,0.0,0.0,0.0,2
706.0,3.0,0.8278005595994796,0.0,0.0,0.0,0.0,0.0,14.0,2.0,0.6829081046984717,0.0,0.0,32.391304347826086,0.0,0.0,0.0,0.0,0.0,2974.0,0.0,21,0,0.5463659147869674,348.3958476599094,521.5,0.0,0.0,0.0,0.0,2
0.0,0.0,0.0,0.0,0.0,0.0,0.0,0.0,14.0,3.0,0.9556998911095343,0.0,0.0,26.0,30.0,0.0,0.0,0.0,0.0,0.0,0.0,23,0,0.5463659147869674,329.41311449303305,240.5,0.0,0.0,0.0,0.0,3
0.0,0.0,0.0,0.0,0.0,0.0,0.0,0.0,0.0,0.0,0.0,0.0,0.0,24.5,0.0,0.0,0.0,0.0,0.0,0.0,0.0,0,0,0.5463659147869674,0.0,0.0,0.0,0.0,0.0,0.0,2
686.0,1.0,-1.000088900581841e-12,0.0,0.0,0.0,0.0,0.0,438.0,5.0,0.4663631433022929,0.0,0.0,26.9,0.0,0.0,0.0,0.0,0.0,0.0,0.0,11,1,0.5463659147869674,324.04320699561055,239.0,0.0,0.0,0.0,0.0,2
0.0,0.0,0.0,0.0,0.0,0.0,0.0,0.0,50.0,2.0,0.2787693717665874,0.0,0.0,74.46666666666667,0.0,0.0,0.0,0.0,0.0,0.0,0.0,12,1,0.5463659147869674,302.36622386327053,373.0,0.0,0.0,0.0,0.0,3
0.0,0.0,0.0,0.0,0.0,0.0,0.0,0.0,18.0,2.0,0.6365141682928128,0.0,0.0,100.0,0.0,0.0,0.0,0.0,0.0,0.0,0.0,13,1,0.5463659147869674,268.0000000000002,134.0,0.0,0.0,0.0,0.0,3
0.0,0.0,0.0,0.0,0.0,0.0,0.0,0.0,14.0,3.0,0.9556998911095343,0.0,0.0,100.0,0.0,0.0,0.0,0.0,0.0,0.0,0.0,14,1,0.5463659147869674,0.0,0.0,0.0,0.0,0.0,0.0,3
0.0,0.0,0.0,0.0,0.0,0.0,0.0,0.0,16.0,3.0,1.039720770836918,0.0,0.0,100.0,0.0,0.0,0.0,0.0,0.0,0.0,0.0,15,1,0.5463659147869674,0.0,0.0,0.0,0.0,0.0,0.0,2
0.0,0.0,0.0,0.0,0.0,0.0,0.0,0.0,28.0,2.0,0.410116318286409,0.0,0.0,100.0,0.0,0.0,0.0,0.0,0.0,0.0,0.0,16,1,0.5463659147869674,0.0,0.0,0.0,0.0,0.0,0.0,3
0.0,0.0,0.0,0.0,0.0,0.0,0.0,0.0,8.0,2.0,0.6931471805579453,0.0,0.0,100.0,0.0,0.0,0.0,0.0,0.0,0.0,0.0,17,1,0.5463659147869674,0.0,0.0,0.0,0.0,0.0,0.0,2
404.0,1.0,-1.000088900581841e-12,0.0,0.0,0.0,0.0,0.0,42.0,3.0,0.6189407438539727,0.0,0.0,100.0,0.0,0.0,0.0,0.0,120.0,0.0,0.0,18,1,0.5463659147869674,202.0000000000003,101.0,0.0,0.0,0.0,0.0,2
530.0,1.0,-1.000088900581841e-12,0.0,0.0,0.0,0.0,0.0,4.0,1.0,-1.000088900581841e-12,0.0,0.0,100.0,0.0,0.0,0.0,0.0,0.0,0.0,0.0,19,1,0.5463659147869674,300.0844325630152,410.0,0.0,0.0,0.0,0.0,3
704.0,1.0,-1.000088900581841e-12,0.0,0.0,0.0,0.0,0.0,22.0,3.0,0.9949236325687753,0.0,0.0,100.0,0.0,0.0,0.0,0.0,0.0,0.0,0.0,20,1,0.5463659147869674,222.2153610051897,543.5,0.0,0.0,0.0,0.0,2
704.0,1.0,-1.000088900581841e-12,0.0,0.0,0.0,0.0,0.0,18.0,4.0,1.273028336585626,0.0,0.0,100.0,0.0,0.0,0.0,0.0,0.0,0.0,0.0,21,0,0.5463659147869674,235.3352218998822,587.0,0.0,0.0,0.0,0.0,3
336.0,2.0,0.5418526439148785,0.0,0.0,0.0,0.0,0.0,18.0,4.0,1.3689223607362195,0.0,0.0,99.96551724137932,0.0,0.0,0.0,0.0,80.0,1376.0,8.0,22,0,0.5463659147869674,196.780757866888,536.0,0.0,0.0,0.0,0.0,3
0.0,0.0,0.0,0.0,0.0,0.0,0.0,0.0,12.0,1.0,-1.000088900581841e-12,0.0,0.0,95.83333333333331,24.0,0.0,0.0,0.0,0.0,0.0,0.0,2,0,0.5463659147869674,0.0,0.0,0.0,0.0,0.0,0.0,3
0.0,0.0,0.0,0.0,0.0,0.0,0.0,0.0,4.0,1.0,-1.000088900581841e-12,0.0,0.0,94.66666666666669,0.0,0.0,0.0,0.0,0.0,0.0,0.0,3,0,0.5463659147869674,0.0,0.0,0.0,0.0,0.0,0.0,3
0.0,0.0,0.0,0.0,0.0,0.0,0.0,0.0,0.0,0.0,0.0,0.0,0.0,93.66666666666669,0.0,0.0,0.0,0.0,0.0,0.0,0.0,4,0,0.5463659147869674,0.0,0.0,0.0,0.0,0.0,0.0,3
0.0,0.0,0.0,0.0,0.0,0.0,0.0,0.0,0.0,0.0,0.0,0.0,0.0,92.5,0.0,0.0,0.0,0.0,0.0,0.0,0.0,5,0,0.5463659147869674,0.0,0.0,0.0,0.0,0.0,0.0,2
0.0,0.0,0.0,0.0,0.0,0.0,0.0,0.0,32.0,2.0,0.6210863745532451,0.0,0.0,91.5,24.0,0.0,0.0,0.0,0.0,0.0,0.0,6,0,0.5463659147869674,0.0,0.0,0.0,0.0,0.0,0.0,2
0.0,0.0,0.0,0.0,0.0,0.0,0.0,0.0,6.0,2.0,0.6365141682928128,0.0,0.0,90.0,0.0,0.0,0.0,0.0,0.0,0.0,0.0,7,0,0.5463659147869674,0.0,0.0,0.0,0.0,0.0,0.0,3
0.0,0.0,0.0,0.0,0.0,0.0,0.0,0.0,0.0,0.0,0.0,0.0,0.0,89.0,0.0,0.0,0.0,0.0,0.0,0.0,0.0,8,1,0.5463659147869674,0.0,0.0,0.0,0.0,0.0,0.0,2
0.0,0.0,0.0,0.0,0.0,0.0,0.0,0.0,0.0,0.0,0.0,0.0,0.0,88.0,0.0,0.0,0.0,0.0,0.0,0.0,0.0,9,1,0.5463659147869674,0.0,0.0,0.0,0.0,0.0,0.0,2
0.0,0.0,0.0,0.0,0.0,0.0,0.0,0.0,10.0,2.0,0.5004024235361879,0.0,0.0,86.83333333333333,0.0,0.0,0.0,0.0,0.0,0.0,0.0,10,1,0.5463659147869674,0.0,0.0,0.0,0.0,0.0,0.0,3
0.0,0.0,0.0,0.0,0.0,0.0,0.0,0.0,4.0,1.0,-1.000088900581841e-12,0.0,0.0,85.16666666666667,0.0,0.0,0.0,0.0,0.0,0.0,0.0,11,1,0.5463659147869674,0.0,0.0,0.0,0.0,0.0,0.0,2
352.0,5.0,0.7624308570742027,0.0,0.0,0.0,0.0,0.0,106.0,14.0,2.3214665035362683,0.0,0.0,81.88235294117646,24.0,0.0,0.0,0.0,88.0,6376.0,34.0,12,1,0.5463659147869674,176.00000000000037,88.0,0.0,0.0,0.0,0.0,3
700.0,3.0,0.350595210413351,0.0,0.0,0.0,0.0,0.0,22.0,5.0,1.1595888143036257,0.0,0.0,77.75,0.0,0.0,0.0,0.0,44.0,914.0,24.0,13,1,0.5463659147869674,335.9742053590823,439.0,0.0,0.0,0.0,0.0,3
710.0,2.0,0.1181943039353916,0.0,0.0,0.0,0.0,0.0,98.0,4.0,0.6999417320522527,0.0,0.0,60.56666666666667,0.0,0.0,0.0,0.0,0.0,5094.0,0.0,14,1,0.5463659147869674,7.5498344352795375,701.5,0.0,0.0,0.0,0.0,2
710.0,3.0,0.0387002568035319,0.0,0.0,0.0,0.0,0.0,16.0,3.0,1.039720770836918,0.0,0.0,37.3,0.0,0.0,0.0,0.0,0.0,5000.0,0.0,15,1,0.5463659147869674,8.71779788708896,703.0,0.0,0.0,0.0,0.0,3
692.0,3.0,0.0710692351771209,0.0,0.0,0.0,0.0,0.0,6.0,1.0,-1.000088900581841e-12,0.0,0.0,17.636363636363637,0.0,0.0,0.0,0.0,0.0,6056.0,0.0,16,1,0.5463659147869674,7.371114795841015,700.5,0.0,0.0,0.0,0.0,3
690.0,1.0,-1.000088900581841e-12,0.0,0.0,0.0,0.0,0.0,22.0,2.0,0.4741393130558373,0.0,48.0,23.666666666666668,0.0,0.0,0.0,0.0,48.0,0.0,0.0,17,1,0.5463659147869674,22.42022896106993,683.0,0.0,0.0,0.0,0.0,3
0.0,0.0,0.0,0.0,0.0,0.0,0.0,0.0,46.0,1.0,-1.000088900581841e-12,0.0,0.0,63.96666666666667,0.0,0.0,0.0,0.0,0.0,0.0,0.0,18,1,0.5463659147869674,322.3471213872815,415.5,0.0,0.0,0.0,0.0,3
708.0,3.0,0.5972964116800383,0.0,0.0,0.0,66.0,0.0,14.0,3.0,0.9556998911095343,0.0,0.0,78.16666666666667,0.0,0.0,0.0,0.0,100.0,8574.0,0.0,19,1,0.5463659147869674,294.1263900661304,369.5,0.0,0.0,33.0,16.5,3
712.0,4.0,0.7084569420572463,0.0,0.0,0.0,0.0,0.0,50.0,4.0,0.7938169516127371,0.0,0.0,74.0,0.0,0.0,0.0,0.0,100.0,318.0,24.0,20,1,0.5463659147869674,131.01017772168237,644.5,0.0,0.0,33.0,16.5,3
524.0,1.0,-1.000088900581841e-12,0.0,0.0,0.0,0.0,0.0,8.0,3.0,1.039720770836918,0.0,0.0,72.16666666666667,38.0,0.0,0.0,0.0,0.0,0.0,0.0,21,0,0.5463659147869674,93.67141150497024,664.5,0.0,0.0,0.0,0.0,2
334.0,5.0,0.9822355414528928,0.0,0.0,0.0,0.0,0.0,20.0,4.0,1.1935496040941331,0.0,0.0,69.82352941176471,36.0,0.0,0.0,0.0,100.0,3922.0,24.0,22,0,0.5463659147869674,303.78226851919254,392.5,0.0,0.0,0.0,0.0,3
0.0,0.0,0.0,0.0,0.0,0.0,0.0,0.0,6.0,2.0,0.6365141682928128,0.0,0.0,42.66666666666666,0.0,0.0,0.0,0.0,0.0,0.0,0.0,9,1,0.5463659147869674,0.0,0.0,0.0,0.0,0.0,0.0,2
0.0,0.0,0.0,0.0,0.0,0.0,0.0,0.0,20.0,2.0,0.6730116670072565,0.0,0.0,41.0,0.0,0.0,0.0,0.0,0.0,0.0,0.0,10,1,0.5463659147869674,0.0,0.0,0.0,0.0,0.0,0.0,3
326.0,2.0,0.683158668248272,0.0,0.0,0.0,0.0,0.0,48.0,6.0,1.4818921823874356,0.0,0.0,38.84615384615385,0.0,0.0,0.0,0.0,112.0,616.0,26.0,11,1,0.5463659147869674,163.00000000000054,81.5,0.0,0.0,0.0,0.0,3
540.0,1.0,-1.000088900581841e-12,0.0,0.0,0.0,0.0,0.0,4.0,1.0,-1.000088900581841e-12,0.0,0.0,35.5,24.0,0.0,0.0,0.0,0.0,0.0,0.0,12,1,0.5463659147869674,302.64776005559145,391.5,0.0,0.0,0.0,0.0,3
0.0,0.0,0.0,0.0,0.0,0.0,0.0,0.0,50.0,6.0,1.3528412991640866,0.0,0.0,33.5,48.0,0.0,0.0,0.0,0.0,0.0,0.0,13,1,0.5463659147869674,363.8681079732053,310.0,0.0,0.0,0.0,0.0,1
258.0,2.0,0.0453947781448582,0.0,0.0,0.0,0.0,0.0,100.0,5.0,0.7005385873912268,0.0,0.0,31.666666666666668,0.0,0.0,0.0,0.0,168.0,36.0,6.0,14,1,0.5463659147869674,129.00000000000074,64.5,0.0,0.0,0.0,0.0,2
710.0,3.0,1.0061953044089529,0.0,0.0,0.0,0.0,0.0,18.0,5.0,1.5810937501668236,0.0,0.0,27.63636363636364,0.0,0.0,0.0,0.0,112.0,2506.0,24.0,15,1,0.5463659147869674,352.140123625052,420.0,0.0,0.0,0.0,0.0,3
498.0,1.0,-1.000088900581841e-12,0.0,0.0,0.0,0.0,0.0,8.0,2.0,0.6931471805579453,0.0,0.0,24.666666666666668,14.0,0.0,0.0,0.0,0.0,0.0,0.0,16,1,0.5463659147869674,105.08885129578142,655.5,0.0,0.0,0.0,0.0,2
704.0,1.0,-1.000088900581841e-12,0.0,0.0,0.0,0.0,0.0,62.0,3.0,0.6145237390852278,0.0,0.0,34.55172413793103,0.0,0.0,0.0,0.0,0.0,0.0,0.0,17,1,0.5463659147869674,230.564524591274,530.0,0.0,0.0,0.0,0.0,3
0.0,0.0,0.0,0.0,0.0,0.0,0.0,0.0,42.0,1.0,-1.000088900581841e-12,0.0,0.0,81.36666666666666,0.0,0.0,0.0,0.0,0.0,0.0,0.0,18,1,0.5463659147869674,347.0537902592817,398.5,0.0,0.0,0.0,0.0,3
0.0,0.0,0.0,0.0,0.0,0.0,0.0,0.0,14.0,3.0,1.0789922078745833,0.0,0.0,100.0,0.0,0.0,0.0,0.0,0.0,0.0,0.0,19,1,0.5463659147869674,337.0000000000003,168.5,0.0,0.0,0.0,0.0,2
124.0,2.0,0.2392170938145128,0.0,0.0,0.0,0.0,0.0,16.0,4.0,1.2130075659759043,0.0,0.0,100.0,0.0,0.0,0.0,0.0,112.0,1478.0,6.0,20,1,0.5463659147869674,62.00000000000156,31.0,0.0,0.0,0.0,0.0,3
0.0,0.0,0.0,0.0,0.0,0.0,0.0,0.0,4.0,1.0,-1.000088900581841e-12,0.0,0.0,100.0,0.0,0.0,0.0,0.0,0.0,0.0,0.0,4,0,0.5463659147869674,0.0,0.0,0.0,0.0,0.0,0.0,3
0.0,0.0,0.0,0.0,0.0,0.0,0.0,0.0,4.0,1.0,-1.000088900581841e-12,0.0,0.0,100.0,0.0,0.0,0.0,0.0,0.0,0.0,0.0,5,0,0.5463659147869674,0.0,0.0,0.0,0.0,0.0,0.0,3
0.0,0.0,0.0,0.0,0.0,0.0,0.0,0.0,0.0,0.0,0.0,0.0,0.0,100.0,0.0,0.0,0.0,0.0,0.0,0.0,0.0,6,0,0.5463659147869674,0.0,0.0,0.0,0.0,0.0,0.0,3
0.0,0.0,0.0,0.0,0.0,0.0,0.0,0.0,12.0,3.0,1.0114042647043515,0.0,0.0,100.0,0.0,0.0,0.0,0.0,0.0,0.0,0.0,7,0,0.5463659147869674,0.0,0.0,0.0,0.0,0.0,0.0,3
0.0,0.0,0.0,0.0,0.0,0.0,0.0,0.0,10.0,3.0,1.054920167983144,0.0,0.0,100.0,0.0,0.0,0.0,0.0,0.0,0.0,0.0,8,1,0.5463659147869674,0.0,0.0,0.0,0.0,0.0,0.0,3
0.0,0.0,0.0,0.0,0.0,0.0,0.0,0.0,4.0,1.0,-1.000088900581841e-12,0.0,0.0,100.0,0.0,0.0,0.0,0.0,0.0,0.0,0.0,9,1,0.5463659147869674,0.0,0.0,0.0,0.0,0.0,0.0,3
710.0,2.0,0.6255889070947889,0.0,0.0,0.0,0.0,0.0,10.0,4.0,1.3321790402061222,0.0,0.0,95.92857142857144,0.0,0.0,0.0,0.0,0.0,2508.0,0.0,10,1,0.5463659147869674,339.9740186151488,266.5,0.0,0.0,0.0,0.0,2
514.0,7.0,0.920840829070177,0.0,0.0,0.0,0.0,0.0,102.0,11.0,1.6522500298544198,0.0,0.0,93.0,16.0,0.0,0.0,0.0,60.0,6370.0,8.0,11,1,0.5463659147869674,171.37386031714462,572.5,0.0,0.0,0.0,0.0,1
712.0,4.0,0.7807450840649665,0.0,0.0,0.0,18.0,0.0,12.0,2.0,0.4505612088643047,0.0,0.0,77.6,0.0,0.0,0.0,0.0,0.0,10846.0,0.0,12,1,0.5463659147869674,98.3378530034774,661.5,0.0,0.0,9.0,4.5,1
688.0,6.0,1.089989568403129,0.0,0.0,0.0,0.0,0.0,584.0,11.0,0.6872080518068888,0.0,0.0,56.86666666666667,0.0,0.0,0.0,0.0,0.0,8478.0,0.0,13,1,0.5463659147869674,10.893423092254478,703.0,0.0,0.0,9.0,4.5,3
712.0,1.0,-1.000088900581841e-12,0.0,0.0,0.0,0.0,0.0,12.0,2.0,0.6365141682928128,0.0,0.0,32.166666666666664,0.0,0.0,0.0,0.0,0.0,20278.0,0.0,14,1,0.5463659147869674,11.357816691609196,703.5,0.0,0.0,0.0,0.0,2
168.0,3.0,0.8080599286543673,0.0,0.0,0.0,16.0,0.0,0.0,0.0,0.0,0.0,0.0,3.8333333333333335,0.0,0.0,0.0,0.0,0.0,8684.0,0.0,15,1,0.5463659147869674,258.3918213359965,546.5,0.0,0.0,8.0,4.0,2
716.0,2.0,0.1372577164480238,0.0,0.0,0.0,0.0,0.0,14.0,4.0,1.351783994285646,0.0,0.0,84.1,0.0,0.0,0.0,0.0,0.0,8292.0,0.0,11,1,0.5463659147869674,377.32214353255256,323.0,0.0,0.0,0.0,0.0,3
686.0,1.0,-1.000088900581841e-12,0.0,0.0,0.0,0.0,0.0,10.0,3.0,1.054920167983144,0.0,0.0,79.33333333333333,0.0,0.0,0.0,0.0,0.0,0.0,0.0,12,1,0.5463659147869674,65.29931086925926,672.0,0.0,0.0,0.0,0.0,3
0.0,0.0,0.0,0.0,0.0,0.0,0.0,0.0,8.0,2.0,0.6931471805579453,0.0,0.0,78.0,0.0,0.0,0.0,0.0,0.0,0.0,0.0,13,1,0.5463659147869674,403.1095798084356,349.0,0.0,0.0,0.0,0.0,2
0.0,0.0,0.0,0.0,0.0,0.0,0.0,0.0,28.0,2.0,0.6829081046984717,0.0,0.0,77.0,0.0,0.0,0.0,0.0,0.0,0.0,0.0,14,1,0.5463659147869674,0.0,0.0,0.0,0.0,0.0,0.0,3
0.0,0.0,0.0,0.0,0.0,0.0,0.0,0.0,26.0,4.0,1.204793309690784,0.0,0.0,75.66666666666667,42.0,0.0,0.0,0.0,0.0,0.0,0.0,15,1,0.5463659147869674,0.0,0.0,0.0,0.0,0.0,0.0,3
0.0,0.0,0.0,0.0,0.0,0.0,0.0,0.0,0.0,0.0,0.0,0.0,0.0,74.16666666666667,0.0,0.0,0.0,0.0,0.0,0.0,0.0,16,1,0.5463659147869674,0.0,0.0,0.0,0.0,0.0,0.0,2
712.0,1.0,-1.000088900581841e-12,0.0,0.0,0.0,0.0,0.0,38.0,9.0,1.982623282643004,0.0,0.0,67.16666666666667,0.0,0.0,0.0,0.0,0.0,7998.0,0.0,17,1,0.5463659147869674,336.7511445167388,251.0,0.0,0.0,0.0,0.0,3
350.0,3.0,0.5603032021208363,0.0,0.0,0.0,0.0,0.0,82.0,3.0,0.3083386903422212,0.0,0.0,53.86666666666667,0.0,0.0,0.0,0.0,0.0,9162.0,0.0,18,1,0.5463659147869674,187.2111107813854,440.0,0.0,0.0,0.0,0.0,2
450.0,1.0,-1.000088900581841e-12,0.0,0.0,0.0,0.0,0.0,6.0,2.0,0.6365141682928128,0.0,0.0,36.23333333333333,0.0,0.0,0.0,0.0,0.0,10398.0,0.0,19,1,0.5463659147869674,163.21356152803853,481.0,0.0,0.0,0.0,0.0,3
700.0,6.0,0.899366272232342,0.0,0.0,0.0,0.0,0.0,78.0,7.0,1.6389294387842923,0.0,62.0,24.85,0.0,0.0,0.0,0.0,264.0,3460.0,22.0,20,1,0.5463659147869674,159.47727110782952,571.5,0.0,0.0,0.0,0.0,2
700.0,2.0,0.4923779603199643,0.0,0.0,0.0,0.0,0.0,62.0,8.0,1.2776608407132986,0.0,64.0,25.33333333333333,0.0,0.0,0.0,0.0,66.0,1576.0,0.0,21,0,0.5463659147869674,144.24978336205623,634.0,0.0,0.0,0.0,0.0,2
200.0,2.0,0.6191006644235872,0.0,0.0,0.0,0.0,0.0,50.0,4.0,0.4987584659088828,0.0,0.0,72.3103448275862,0.0,0.0,0.0,0.0,132.0,1132.0,14.0,22,0,0.5463659147869674,252.5146860415584,578.5,0.0,0.0,0.0,0.0,3
0.0,0.0,0.0,0.0,0.0,0.0,0.0,0.0,4.0,1.0,-1.000088900581841e-12,0.0,0.0,100.0,0.0,0.0,0.0,0.0,0.0,0.0,0.0,23,0,0.5463659147869674,0.0,0.0,0.0,0.0,0.0,0.0,2
0.0,0.0,0.0,0.0,0.0,0.0,0.0,0.0,0.0,0.0,0.0,0.0,0.0,100.0,0.0,0.0,0.0,0.0,0.0,0.0,0.0,0,0,0.5463659147869674,0.0,0.0,0.0,0.0,0.0,0.0,3
0.0,0.0,0.0,0.0,0.0,0.0,0.0,0.0,20.0,2.0,0.5004024235361879,0.0,0.0,100.0,0.0,0.0,0.0,0.0,0.0,0.0,0.0,1,0,0.5463659147869674,0.0,0.0,0.0,0.0,0.0,0.0,1
0.0,0.0,0.0,0.0,0.0,0.0,0.0,0.0,4.0,1.0,-1.000088900581841e-12,0.0,0.0,100.0,0.0,0.0,0.0,0.0,0.0,0.0,0.0,2,0,0.5463659147869674,0.0,0.0,0.0,0.0,0.0,0.0,3
0.0,0.0,0.0,0.0,0.0,0.0,0.0,0.0,4.0,2.0,0.6931471805579453,0.0,0.0,100.0,0.0,0.0,0.0,0.0,0.0,0.0,0.0,3,0,0.5463659147869674,0.0,0.0,0.0,0.0,0.0,0.0,3
0.0,0.0,0.0,0.0,0.0,0.0,0.0,0.0,4.0,1.0,-1.000088900581841e-12,0.0,0.0,100.0,0.0,0.0,0.0,0.0,0.0,0.0,0.0,4,0,0.5463659147869674,0.0,0.0,0.0,0.0,0.0,0.0,2
0.0,0.0,0.0,0.0,0.0,0.0,0.0,0.0,4.0,1.0,-1.000088900581841e-12,0.0,0.0,100.0,0.0,0.0,0.0,0.0,0.0,0.0,0.0,5,0,0.5463659147869674,0.0,0.0,0.0,0.0,0.0,0.0,2
0.0,0.0,0.0,0.0,0.0,0.0,0.0,0.0,0.0,0.0,0.0,0.0,0.0,100.0,0.0,0.0,0.0,0.0,0.0,0.0,0.0,6,0,0.5463659147869674,0.0,0.0,0.0,0.0,0.0,0.0,3
0.0,0.0,0.0,0.0,0.0,0.0,0.0,0.0,8.0,2.0,0.6931471805579453,0.0,0.0,100.0,0.0,0.0,0.0,0.0,0.0,0.0,0.0,7,0,0.5463659147869674,0.0,0.0,0.0,0.0,0.0,0.0,3
0.0,0.0,0.0,0.0,0.0,0.0,0.0,0.0,26.0,6.0,1.697733591368392,0.0,0.0,100.0,0.0,0.0,0.0,0.0,0.0,0.0,0.0,8,1,0.5463659147869674,0.0,0.0,0.0,0.0,0.0,0.0,3
0.0,0.0,0.0,0.0,0.0,0.0,0.0,0.0,8.0,2.0,0.6931471805579453,0.0,0.0,100.0,0.0,0.0,0.0,0.0,0.0,0.0,0.0,9,1,0.5463659147869674,0.0,0.0,0.0,0.0,0.0,0.0,3
118.0,2.0,0.6756650018616825,0.0,0.0,0.0,0.0,0.0,20.0,5.0,1.418483661940657,0.0,0.0,100.0,0.0,0.0,0.0,0.0,72.0,1720.0,18.0,10,1,0.5463659147869674,59.00000000000124,29.5,0.0,0.0,0.0,0.0,1
0.0,0.0,0.0,0.0,0.0,0.0,0.0,0.0,4.0,1.0,-1.000088900581841e-12,0.0,0.0,100.0,0.0,0.0,0.0,0.0,0.0,0.0,0.0,2,0,0.5463659147869674,0.0,0.0,0.0,0.0,0.0,0.0,3
0.0,0.0,0.0,0.0,0.0,0.0,0.0,0.0,4.0,2.0,0.6931471805579453,0.0,0.0,100.0,0.0,0.0,0.0,0.0,0.0,0.0,0.0,3,0,0.5463659147869674,0.0,0.0,0.0,0.0,0.0,0.0,3
0.0,0.0,0.0,0.0,0.0,0.0,0.0,0.0,4.0,1.0,-1.000088900581841e-12,0.0,0.0,100.0,0.0,0.0,0.0,0.0,0.0,0.0,0.0,4,0,0.5463659147869674,0.0,0.0,0.0,0.0,0.0,0.0,2
0.0,0.0,0.0,0.0,0.0,0.0,0.0,0.0,6.0,2.0,0.6365141682928128,0.0,0.0,100.0,0.0,0.0,0.0,0.0,0.0,0.0,0.0,5,0,0.5463659147869674,0.0,0.0,0.0,0.0,0.0,0.0,3
0.0,0.0,0.0,0.0,0.0,0.0,0.0,0.0,0.0,0.0,0.0,0.0,0.0,100.0,0.0,0.0,0.0,0.0,0.0,0.0,0.0,6,0,0.5463659147869674,0.0,0.0,0.0,0.0,0.0,0.0,3
0.0,0.0,0.0,0.0,0.0,0.0,0.0,0.0,8.0,3.0,1.039720770836918,0.0,0.0,100.0,0.0,0.0,0.0,0.0,0.0,0.0,0.0,7,0,0.5463659147869674,0.0,0.0,0.0,0.0,0.0,0.0,2
0.0,0.0,0.0,0.0,0.0,0.0,0.0,0.0,20.0,5.0,1.5571130980526455,0.0,0.0,100.0,0.0,0.0,0.0,0.0,0.0,0.0,0.0,8,1,0.5463659147869674,0.0,0.0,0.0,0.0,0.0,0.0,2
0.0,0.0,0.0,0.0,0.0,0.0,0.0,0.0,8.0,2.0,0.5623351446168083,0.0,0.0,100.0,0.0,0.0,0.0,0.0,0.0,0.0,0.0,9,1,0.5463659147869674,0.0,0.0,0.0,0.0,0.0,0.0,3
0.0,0.0,0.0,0.0,0.0,0.0,0.0,0.0,10.0,3.0,1.054920167983144,0.0,0.0,100.0,0.0,0.0,0.0,0.0,0.0,0.0,0.0,10,1,0.5463659147869674,0.0,0.0,0.0,0.0,0.0,0.0,2
0.0,0.0,0.0,0.0,0.0,0.0,0.0,0.0,6.0,2.0,0.6365141682928128,0.0,0.0,100.0,0.0,0.0,0.0,0.0,0.0,0.0,0.0,11,1,0.5463659147869674,0.0,0.0,0.0,0.0,0.0,0.0,2
278.0,4.0,0.4422173544706428,0.0,0.0,0.0,0.0,0.0,64.0,14.0,2.455708030437384,0.0,0.0,99.43333333333334,0.0,0.0,0.0,0.0,76.0,4560.0,14.0,12,1,0.5463659147869674,139.00000000000057,69.5,0.0,0.0,0.0,0.0,2
212.0,4.0,1.083903165197998,0.0,0.0,0.0,0.0,0.0,8.0,3.0,1.039720770836918,0.0,0.0,90.16666666666669,0.0,170.0,0.0,146.0,76.0,4890.0,20.0,13,1,0.5463659147869674,281.531525765766,291.0,0.0,0.0,0.0,0.0,3
